internalTaxonId,scientificName,name,genusName,speciesName,speciesAuthor,infraType,infrarankAuthor
156003,Physella gyrina,"Physa gyrina Say, 1821",Physa,gyrina,"Say, 1821",,
166083,Carassius auratus,"Carassius  auratus Linnaeus, 1758 ssp. argenteaphthalmus  Nguyen, 2001",Carassius ,auratus,"Linnaeus, 1758",subspecies," Nguyen, 2001"
166083,Carassius auratus,"Cyprinus auratus Linnaeus, 1758",Cyprinus,auratus,"Linnaeus, 1758",,
166083,Carassius auratus,"Carassius  burgeri Temminck & Schlegel, 1846",Carassius ,burgeri,"Temminck & Schlegel, 1846",,
166083,Carassius auratus,"Carassius   auratus (Linnaeus, 1758) ssp. cantonensis Tchang, 1933",Carassius  ,auratus,"(Linnaeus, 1758)",subspecies,"Tchang, 1933"
166083,Carassius auratus,"Cyprinus  chinensis Gronow, 1854",Cyprinus ,chinensis,"Gronow, 1854",,
166083,Carassius auratus,"Carassius  coeruleus Basilewsky, 1855",Carassius ,coeruleus,"Basilewsky, 1855",,
166083,Carassius auratus,"Carassius  discolor Basilewsky, 1855",Carassius ,discolor,"Basilewsky, 1855",,
166083,Carassius auratus,"Carassius  encobia Bonaparte, 1845",Carassius ,encobia,"Bonaparte, 1845",,
166083,Carassius auratus,"Cyprinus gibelioides Cantor, 1842",Cyprinus,gibelioides,"Cantor, 1842",,
166083,Carassius auratus,"Carassius discolor  Basilewsky, 1855",Carassius,discolor," Basilewsky, 1855",,
166083,Carassius auratus,"Carassius  encobia Bonaparte, 1845",Carassius ,encobia,"Bonaparte, 1845",,
166083,Carassius auratus,"Cyprinus gibelioides Cantor, 1842",Cyprinus,gibelioides,"Cantor, 1842",,
166083,Carassius auratus,"Carassius  grandoculis Temminck & Schlegel, 1846",Carassius ,grandoculis,"Temminck & Schlegel, 1846",,
166083,Carassius auratus,"Carassius  langsdorfii Temminck & Schlegel, 1846",Carassius ,langsdorfii,"Temminck & Schlegel, 1846",,
166083,Carassius auratus,"Cyprinus  maillardi Guichenot, 3",Cyprinus ,maillardi,"Guichenot, 3",,
166083,Carassius auratus,"Cyprinus  nigrescens Günther, 1868",Cyprinus ,nigrescens,"Günther, 1868",,
166083,Carassius auratus,"Cyprinus mauritianus  Bennett, 1832",Cyprinus,mauritianus," Bennett, 1832",,
166083,Carassius auratus,Cyprinus  thoracatus Valenciennes 1842,Cyprinus ,thoracatus,Valenciennes 1842,,
166083,Carassius auratus,"Carassius  pekinensis Basilewsky, 1855",Carassius ,pekinensis,"Basilewsky, 1855",,
166083,Carassius auratus," Carassius  auratus (Linnaeus, 1758) ssp. wui Tchang, 1930", Carassius ,auratus,"(Linnaeus, 1758)",subspecies,"Tchang, 1930"
166083,Carassius auratus,"Neocarassius ventricosus  Castelnau, 1872",Neocarassius,ventricosus," Castelnau, 1872",,
175246,Schoenoplectus tabernaemontani,Schoenoplectus validus (Vahl) A.Love & D.Love,Schoenoplectus,validus,(Vahl) A.Love & D.Love,,
178902,Gibbonsia montereyensis,"Gibbonsia elegans ssp. montereyensis Hubbs, 1927",Gibbonsia,elegans,,subspecies,"Hubbs, 1927"
178902,Gibbonsia montereyensis,"Gibbonsia erythra Hubbs, 1952",Gibbonsia,erythra,"Hubbs, 1952",,
190350,Avocettina infans,"Avocettina gilli (Bean, 1890)",Avocettina,gilli,"(Bean, 1890)",,
190350,Avocettina infans,"Avocettina elongata (Gill & Ryder, 1883)",Avocettina,elongata,"(Gill & Ryder, 1883)",,
190350,Avocettina infans,"Borodinula infans (Günther, 1878)",Borodinula,infans,"(Günther, 1878)",,
190350,Avocettina infans,"Borodinula gilli (Bean, 1890)",Borodinula,gilli,"(Bean, 1890)",,
190350,Avocettina infans,"Labichthys gilli Bean, 1890",Labichthys,gilli,"Bean, 1890",,
190350,Avocettina infans,"Avocettina exophthalma Parr, 1932",Avocettina,exophthalma,"Parr, 1932",,
190350,Avocettina infans,"Labichthys elongatus Gill & Ryder, 1883",Labichthys,elongatus,"Gill & Ryder, 1883",,
190350,Avocettina infans,"Leptocephalus oxycephalus Pappenheim, 1914",Leptocephalus,oxycephalus,"Pappenheim, 1914",,
190350,Avocettina infans,"Avocettinops schmidti Roule & Bertin, 1924",Avocettinops,schmidti,"Roule & Bertin, 1924",,
190350,Avocettina infans,"Nemichthys infans Günther, 1878",Nemichthys,infans,"Günther, 1878",,
190350,Avocettina infans,"Avocettinops normani Bertin, 1947",Avocettinops,normani,"Bertin, 1947",,
191792,Xiphophorus variatus,"Platypoecilus variatus Meek, 1904",Platypoecilus,variatus,"Meek, 1904",,
195488,Squalus suckleyi,Squalus acanthias (Northwest Pacific subpopulation),Squalus,acanthias,,,"Linnaeus, 1758"
195488,Squalus suckleyi,"Squalus acanthias ssp. suckleyi Girard, 1855",Squalus,acanthias,,subspecies,"Girard, 1855"
195488,Squalus suckleyi,Squalus acanthias (Northeast Atlantic subpopulation),Squalus,acanthias,,,"Linnaeus, 1758"
195488,Squalus suckleyi,"Spinax suckleyi Girard, 1855",Spinax,suckleyi,"Girard, 1855",,
199052,Bathycongrus varidens,"Uroconger varidens Garman, 1899",Uroconger,varidens,"Garman, 1899",,
3855,Carcharodon carcharias,"Squalus carcharias Linnaeus, 1758",Squalus,carcharias,"Linnaeus, 1758",,
39339,Alopias vulpinus,"Squalus vulpinus Bonnaterre, 1788",Squalus,vulpinus,"Bonnaterre, 1788",,
39381,Prionace glauca,"Squalus glaucus Linnaeus, 1758",Squalus,glaucus,"Linnaeus, 1758",,
4292,Cetorhinus maximus,"Squalus maximus Gunnerus, 1765",Squalus,maximus,"Gunnerus, 1765",,
10030,Hexanchus griseus,"Squalus griseus Bonnaterre, 1788",Squalus,griseus,"Bonnaterre, 1788",,
10030,Hexanchus griseus,"Notidanus  griseus (Bonnaterre, 1788)",Notidanus ,griseus,"(Bonnaterre, 1788)",,
10030,Hexanchus griseus,"Squalus  vacca	 Bloch & Schneider, 1801	",Squalus ,vacca	,"Bloch & Schneider, 1801	",,
10030,Hexanchus griseus,"Hexanchus  corinus Jordan & Gilbert, 1880",Hexanchus ,corinus,"Jordan & Gilbert, 1880",,
10030,Hexanchus griseus,"Notidanus  vulgaris Pérez Canto, 1886	",Notidanus ,vulgaris,"Pérez Canto, 1886	",,
10030,Hexanchus griseus,"Hexanchus  griseus  ssp. australis	 de Buen, 1960	",Hexanchus ,griseus ,,subspecies,"de Buen, 1960	"
10030,Hexanchus griseus,"Monopterinus  griseus (Bonnaterre, 1788)",Monopterinus ,griseus,"(Bonnaterre, 1788)",,
10030,Hexanchus griseus,"Notidanus  monge Risso, 1827",Notidanus ,monge,"Risso, 1827",,
11534,Lepidochelys olivacea,"Chelonia olivacea Eschscholtz, 1829",Chelonia,olivacea,"Eschscholtz, 1829",,
135301,Oncorhynchus nerka,"Salmo nerka Walbaum, 1792",Salmo,nerka,"Walbaum, 1792",,
153538,Zostera marina,Zostera stenophylla Raf.,Zostera,stenophylla,Raf.,,
154820,Alepisaurus ferox,"Alepidosaurus serra (Gill, 1862)",Alepidosaurus,serra,"(Gill, 1862)",,
154820,Alepisaurus ferox,"Alepidosaurus aesculapius (Bean, 1883)",Alepidosaurus,aesculapius,"(Bean, 1883)",,
154820,Alepisaurus ferox,"Alepisaurus altivelis (Poey, 1860)",Alepisaurus,altivelis,"(Poey, 1860)",,
154820,Alepisaurus ferox,"Alepidosaurus poeyi (Gill, 1863)",Alepidosaurus,poeyi,"(Gill, 1863)",,
154820,Alepisaurus ferox,"Alepidosaurus borealis (Gill, 1862)",Alepidosaurus,borealis,"(Gill, 1862)",,
154820,Alepisaurus ferox,"Alepisaurus azureus (Valenciennes, 1850)",Alepisaurus,azureus,"(Valenciennes, 1850)",,
154820,Alepisaurus ferox,"Alepisaurus richardsonii (Bleeker, 1855)",Alepisaurus,richardsonii,"(Bleeker, 1855)",,
155094,Clinocottus globiceps,"Oligocottus globiceps Girard, 1858",Oligocottus,globiceps,"Girard, 1858",,
155094,Clinocottus globiceps,"Blennicottus globiceps (Girard, 1858)",Blennicottus,globiceps,"(Girard, 1858)",,
163984,Juncus articulatus,Juncus lamprocarpus Ehrh.,Juncus,lamprocarpus,Ehrh.,,
164199,Typha angustifolia,Typha foveolata Pobed.,Typha,foveolata,Pobed.,,
164199,Typha angustifolia,Massula angustifolia (L.) Dulac,Massula,angustifolia,(L.) Dulac,,
164199,Typha angustifolia,Typha elatior Boenn.,Typha,elatior,Boenn.,,
168991,Landoltia punctata,Spirodela oligorrhiza (Kurz) Hegelm. ssp. genuina Hegelm.,Spirodela,oligorrhiza,(Kurz) Hegelm.,subspecies,Hegelm.
168991,Landoltia punctata,Lemna pusilla (Hegelm.) Daubs,Lemna,pusilla,(Hegelm.) Daubs,,
168991,Landoltia punctata,Spirodela oligorrhiza (Kurz) Hegelm. ssp. melanorrhiza (F.Muell. ex Kurz) Hegelm.,Spirodela,oligorrhiza,(Kurz) Hegelm.,subspecies,(F.Muell. ex Kurz) Hegelm.
168991,Landoltia punctata,Lemna melanorrhiza F.Muell.,Lemna,melanorrhiza,F.Muell.,,
168991,Landoltia punctata,Spirodela oligorrhiza (Kurz) Hegelm. ssp. javanica Bauer ex Hegelm.,Spirodela,oligorrhiza,(Kurz) Hegelm.,subspecies,Bauer ex Hegelm.
168991,Landoltia punctata,Spirodela oligorrhiza (Kurz) Hegelm. ssp. pusilla Hegelm.,Spirodela,oligorrhiza,(Kurz) Hegelm.,subspecies,Hegelm.
168991,Landoltia punctata,Spirodela oligorrhiza (Kurz) Hegelm.,Spirodela,oligorrhiza,(Kurz) Hegelm.,,
168991,Landoltia punctata,Lemna oligorrhiza Kurz,Lemna,oligorrhiza,Kurz,,
168991,Landoltia punctata,Spirodela oligorrhiza (Kurz) Hegelm. ssp. pleiorrhiza (F.Muell. ex Kurz) Hegelm.,Spirodela,oligorrhiza,(Kurz) Hegelm.,subspecies,(F.Muell. ex Kurz) Hegelm.
168991,Landoltia punctata,Lemna punctata G.Mey.,Lemna,punctata,G.Mey.,,
17027,Phocoena phocoena,"Phocoena relicta Abel, 1905.",Phocoena,relicta,"Abel, 1905.",,
170306,Scomber japonicus,Scomber capensis Cuvier 1832,Scomber,capensis,Cuvier 1832,,
170306,Scomber japonicus,Pneumatophorus japonicus japonicus (Houttuyn 1782),Pneumatophorus,japonicus japonicus,(Houttuyn 1782),,
170306,Scomber japonicus,Scomber pneumatophorus (non Delaroche 1809),Scomber,pneumatophorus,(non Delaroche 1809),,
170306,Scomber japonicus,Scomber undulatus (non Swainson 1839),Scomber,undulatus,(non Swainson 1839),,
170306,Scomber japonicus,Scomber japonicus colias (non Gmelin 1789),Scomber,japonicus colias,(non Gmelin 1789),,
170306,Scomber japonicus,Pneumatophorus colias (non Gmelin 1789),Pneumatophorus,colias,(non Gmelin 1789),,
170306,Scomber japonicus,Pneumatophorus diego (Ayres 1856),Pneumatophorus,diego,(Ayres 1856),,
170306,Scomber japonicus,Pneumatophorus grex (non Mitchill 1814),Pneumatophorus,grex,(non Mitchill 1814),,
170306,Scomber japonicus,Scomber gracilis (non Swainson 1839),Scomber,gracilis,(non Swainson 1839),,
170306,Scomber japonicus,Scomber grex (non Mitchill 1814),Scomber,grex,(non Mitchill 1814),,
170306,Scomber japonicus,Scomber peruanus (Jordan and Hubbs 1925),Scomber,peruanus,(Jordan and Hubbs 1925),,
170306,Scomber japonicus,Scomber japonicus japonicus Houttuyn 1782,Scomber,japonicus japonicus,Houttuyn 1782,,
170306,Scomber japonicus,Scomber dekayi (non Storer 1855),Scomber,dekayi,(non Storer 1855),,
170306,Scomber japonicus,Pneumatophorus japonicus (Houttuyn 1782),Pneumatophorus,japonicus,(Houttuyn 1782),,
170306,Scomber japonicus,Scomber maculatus (non Couch 1832),Scomber,maculatus,(non Couch 1832),,
170306,Scomber japonicus,Scomber macrophthalmus (non Rafinesque 1810),Scomber,macrophthalmus,(non Rafinesque 1810),,
170306,Scomber japonicus,Scomber japonicus peruanus (Jordan and Hubbs 1925),Scomber,japonicus peruanus,(Jordan and Hubbs 1925),,
170306,Scomber japonicus,Scomber japonicus marplatensis (Lopez 1955),Scomber,japonicus marplatensis,(Lopez 1955),,
170306,Scomber japonicus,Scomber colias (non Gmelin 1789),Scomber,colias,(non Gmelin 1789),,
170306,Scomber japonicus,Pneumatophorus japonicus marplatensis López 1955,Pneumatophorus,japonicus marplatensis,López 1955,,
170306,Scomber japonicus,Pneumatophorus peruanus Jordan and Hubbs 1925,Pneumatophorus,peruanus,Jordan and Hubbs 1925,,
170306,Scomber japonicus,Scomber gigas Fowler 1935,Scomber,gigas,Fowler 1935,,
170306,Scomber japonicus,Scomber joanesaba Bleeker 1854,Scomber,joanesaba,Bleeker 1854,,
170306,Scomber japonicus,Scomber diego Ayres 1856,Scomber,diego,Ayres 1856,,
170306,Scomber japonicus,Scomber janesaba Bleeker 1854,Scomber,janesaba,Bleeker 1854,,
170306,Scomber japonicus,Scomber saba Bleeker 1854,Scomber,saba,Bleeker 1854,,
170306,Scomber japonicus,Scomber scombrus japonicus Temminck and Schlegel 1844,Scomber,scombrus japonicus,Temminck and Schlegel 1844,,
170310,Katsuwonus pelamis,"Scomber pelamides Lacepede, 1801",Scomber,pelamides,"Lacepede, 1801",,
170310,Katsuwonus pelamis,"Thynnus vagans Lesson, 1829",Thynnus,vagans,"Lesson, 1829",,
170310,Katsuwonus pelamis,"Euthynnus pelamis (Linnaeus, 1758)",Euthynnus,pelamis,"(Linnaeus, 1758)",,
170310,Katsuwonus pelamis,"Scomber pelamis Linnaeus, 1758",Scomber,pelamis,"Linnaeus, 1758",,
170352,Sarda chiliensis,"Pelamys chiliensis Cuvier, 1832",Pelamys,chiliensis,"Cuvier, 1832",,
183220,Synodus lucioceps,"Saurus lucioceps Ayres, 1855",Saurus,lucioceps,"Ayres, 1855",,
183337,Peprilus simillimus,"Poronotus simillimus Ayres, 1860",Poronotus,simillimus,"Ayres, 1860",,
183618,Medialuna californiensis,"Scorpis californiensis Steindachner, 1876",Scorpis,californiensis,"Steindachner, 1876",,
183729,Trachurus symmetricus,"Trachurus picturatus ssp. symmetricus (Ayres, 1855)",Trachurus,picturatus,,subspecies,"(Ayres, 1855)"
183729,Trachurus symmetricus,"Trachurus symmetricus ssp. symmetricus (Ayres, 1855)",Trachurus,symmetricus,,subspecies,"(Ayres, 1855)"
183729,Trachurus symmetricus,"Caranx symmetricus Ayres, 1855",Caranx,symmetricus,"Ayres, 1855",,
183729,Trachurus symmetricus,"Decapterus polyaspis Walford & Myers, 1944",Decapterus,polyaspis,"Walford & Myers, 1944",,
183848,Atractoscion nobilis,"Cynoscion nobilis Ayres, 1860",Cynoscion,nobilis,"Ayres, 1860",,
183848,Atractoscion nobilis,"Otolithus californiensis Steindachner, 1876",Otolithus,californiensis,"Steindachner, 1876",,
183848,Atractoscion nobilis,"Johnius nobilis Ayres, 1860",Johnius,nobilis,"Ayres, 1860",,
183856,Engraulis mordax,"Engraulis mordax ssp. mordax Girard, 1854",Engraulis,mordax,,subspecies,"Girard, 1854"
183856,Engraulis mordax,"Anchovia maui (Fowler & Bean, 1923)",Anchovia,maui,"(Fowler & Bean, 1923)",,
183856,Engraulis mordax,"Anchoviella mauii Fowler & Bean, 1923",Anchoviella,mauii,"Fowler & Bean, 1923",,
183856,Engraulis mordax,"Engraulis nanus Girard, 1858",Engraulis,nanus,"Girard, 1858",,
183856,Engraulis mordax,"Engraulus mordax Girard, 1854",Engraulus,mordax,"Girard, 1854",,
183957,Atherinops affinis,Atherinops affinis affinis (Ayres 1860),Atherinops,affinis affinis,(Ayres 1860),,
183957,Atherinops affinis,Atherinops littoralis Hubbs 1918,Atherinops,littoralis,Hubbs 1918,,
183957,Atherinops affinis,Atherinops insularum Gilbert 1891,Atherinops,insularum,Gilbert 1891,,
183957,Atherinops affinis,Atherinops guadalupae Hubbs 1918,Atherinops,guadalupae,Hubbs 1918,,
183957,Atherinops affinis,Atherinops oregonia Jordan and Snyder 1913,Atherinops,oregonia,Jordan and Snyder 1913,,
183957,Atherinops affinis,Atherinops affinis littoralis Hubbs 1918,Atherinops,affinis littoralis,Hubbs 1918,,
183957,Atherinops affinis,Atherinopsis affinis Ayres 1860,Atherinopsis,affinis,Ayres 1860,,
183957,Atherinops affinis,Atherinops cedroscensis Hubbs 1918,Atherinops,cedroscensis,Hubbs 1918,,
183957,Atherinops affinis,Atherinops insularum guadalupae Hubbs 1918,Atherinops,insularum guadalupae,Hubbs 1918,,
183957,Atherinops affinis,Atherinops magdalenae Fowler 1903,Atherinops,magdalenae,Fowler 1903,,
183957,Atherinops affinis,Atherinops insularum cedroscensis Hubbs 1918,Atherinops,insularum cedroscensis,Hubbs 1918,,
183991,Caulolatilus princeps,"Latilus princeps Jenyns, 1840",Latilus,princeps,"Jenyns, 1840",,
183991,Caulolatilus princeps,"Dekaya anomala Cooper, 1863",Dekaya,anomala,"Cooper, 1863",,
183991,Caulolatilus princeps,"Caulolatilus affinis Hildebrand, 1946",Caulolatilus,affinis,"Hildebrand, 1946",,
185000,Stereomastis nana,"Polycheles andamanensis (Alcock, 1894)",Polycheles,andamanensis,"(Alcock, 1894)",,
185000,Stereomastis nana,"Polycheles nanus (Smith, 1884)",Polycheles,nanus,"(Smith, 1884)",,
185000,Stereomastis nana,"Stereomastis andamanensis (Alcock, 1894)",Stereomastis,andamanensis,"(Alcock, 1894)",,
185000,Stereomastis nana,"Stereomastis grimaldii (Bouvier, 1905)",Stereomastis,grimaldii,"(Bouvier, 1905)",,
185000,Stereomastis nana,"Pentacheles nanus Smith, 1884",Pentacheles,nanus,"Smith, 1884",,
188974,Anodonta beringiana,"Anodonta youkonensis (I. Lea, 1867)",Anodonta,youkonensis,"(I. Lea, 1867)",,
189119,Ferrissia fragilis,"Ferrissia californica (Rowell, 1863)",Ferrissia,californica,"(Rowell, 1863)",,
189147,Drepanotrema cimex,"Planorbis cimex Moricand, 1839",Planorbis,cimex,"Moricand, 1839",,
189207,Galba bulimoides,"Fossaria bulimoides Lea, 1841",Fossaria,bulimoides,"Lea, 1841",,
189646,Valvata humeralis,"Valvata californica Pilsbry, 1908",Valvata,californica,"Pilsbry, 1908",,
189646,Valvata humeralis,"Valvata strebeli Fischer & Crosse, 1891",Valvata,strebeli,"Fischer & Crosse, 1891",,
189656,Juga acutifilosa,"Goniobasis acutifilosa Stearns, 1890",Goniobasis,acutifilosa,"Stearns, 1890",,
196019,Eptatretus deani,"Polistotrema curtissjamesi Townsend & Nichols, 1925",Polistotrema,curtissjamesi,"Townsend & Nichols, 1925",,
196019,Eptatretus deani,"Polistotrema deani Evermann & Goldsborough, 1907",Polistotrema,deani,"Evermann & Goldsborough, 1907",,
196044,Eptatretus stoutii,"Bdellostoma stoutii Lockington, 1878",Bdellostoma,stoutii,"Lockington, 1878",,
39324,Notorynchus cepedianus,"Squalus cepedianus Péron, 1807",Squalus,cepedianus,"Péron, 1807",,
39352,Galeorhinus galeus,Squalus galeus Linnaeus 1758,Squalus,galeus,Linnaeus 1758,,
8005,Eretmochelys imbricata,"Testudo imbricata Linnaeus, 1766",Testudo,imbricata,"Linnaeus, 1766",,
198615,Electrona risso,"Myctophum risso (Cocco, 1829)",Myctophum,risso,"(Cocco, 1829)",,
198615,Electrona risso,"Scopelus risso Cocco, 1829",Scopelus,risso,"Cocco, 1829",,
13485635,Magnisudis atlantica,Magnisudis  barysoma Harry 1953,Magnisudis ,barysoma,Harry 1953,,
13485635,Magnisudis atlantica,Paralepis  brevis Zugmayer 1911,Paralepis ,brevis,Zugmayer 1911,,
13485635,Magnisudis atlantica,Sudis  bronsoni Parr 1928,Sudis ,bronsoni,Parr 1928,,
13485635,Magnisudis atlantica,Paralepis brevis indicus  Ege 1953,Paralepis,brevis indicus, Ege 1953,,
13485635,Magnisudis atlantica,Paralepis atlantica prionosa Rofen 1963,Paralepis,atlantica prionosa,Rofen 1963,,
13485635,Magnisudis atlantica,"Paralepis atlanticus Krøyer, 1868",Paralepis,atlanticus,"Krøyer, 1868",,
202413,Osmerus mordax,"Osmerus spectrum Cope, 1870",Osmerus,spectrum,"Cope, 1870",,
202413,Osmerus mordax,"Atherina mordax Mitchill, 1814",Atherina,mordax,"Mitchill, 1814",,
202625,Lampetra ayresii,"Petromyzon ayresii Günther, 1870",Petromyzon,ayresii,"Günther, 1870",,
202363,Rhinichthys falcatus,"Agosia falcata Eigenmann & Eigenmann, 1893",Agosia,falcata,"Eigenmann & Eigenmann, 1893",,
202359,Ptychocheilus oregonensis,"Cyprinus oregonensis Richardson, 1836",Cyprinus,oregonensis,"Richardson, 1836",,
184099,Spirinchus thaleichthys,"Osmerus haleichthys Ayres, 1860",Osmerus,haleichthys,"Ayres, 1860",,
202261,Mylocheilus caurinus,"Cyprinus caurinus Richardson, 1836",Cyprinus,caurinus,"Richardson, 1836",,
202368,Richardsonius balteatus,"Cyprinus balteatus Richardson, 1836",Cyprinus,balteatus,"Richardson, 1836",,
202415,Thaleichthys pacificus,"Salmo pacificus Richardson, 1836",Salmo,pacificus,"Richardson, 1836",,
202603,Pomoxis nigromaculatus,"Cantharus nigromaculatus Lesueur, 1829",Cantharus,nigromaculatus,"Lesueur, 1829",,
202555,Lepomis gibbosus,"Perca gibbosa Linnaeus, 1758",Perca,gibbosa,"Linnaeus, 1758",,
91863316,Charina bottae,"Tortrix bottae Blainville, 1835",Tortrix,bottae,"Blainville, 1835",,
164479,Potamogeton natans,Potamogeton zosteraceus Fr.,Potamogeton,zosteraceus,Fr.,,
164479,Potamogeton natans,Potamogeton marinus L.,Potamogeton,marinus,L.,,
19711843,Apostichopus leukothele,"Parastichopus leukothele Lambert, 1986",Parastichopus,leukothele,"Lambert, 1986",,
18156550,Taractes asper,"Brama raschii Esmark, 1862",Brama,raschii,"Esmark, 1862",,
18156550,Taractes asper,"Taractes platycephalus Matsubara, 1936",Taractes,platycephalus,"Matsubara, 1936",,
18156550,Taractes asper,"Taractes raschii Esmark, 1862",Taractes,raschii,"Esmark, 1862",,
18156550,Taractes asper,"Trachyberyx barretoi Roule, 1929",Trachyberyx,barretoi,"Roule, 1929",,
194997,Arctozenus risso,"Paralepis coruscans Jordan & Gilbert, 1881",Paralepis,coruscans,"Jordan & Gilbert, 1881",,
194997,Arctozenus risso,"Prymnothonus hookeri Richardson, 1845",Prymnothonus,hookeri,"Richardson, 1845",,
194997,Arctozenus risso,"Paralepis kroyeri Lütken, 1892",Paralepis,kroyeri,"Lütken, 1892",,
194997,Arctozenus risso,"Notolepis risso Bonaparte, 1840",Notolepis,risso,"Bonaparte, 1840",,
194997,Arctozenus risso,"Paralepis risso Bonaparte, 1840",Paralepis,risso,"Bonaparte, 1840",,
21133108,Photonectes margarita,"Echiostoma margarita Goode & Bean, 1896",Echiostoma,margarita,"Goode & Bean, 1896",,
18123960,Anoplogaster cornuta,"Hoplostethus cornutus Valenciennes, 1833",Hoplostethus,cornutus,"Valenciennes, 1833",,
18123960,Anoplogaster cornuta,Caulolepis  longidens Gill [T. N.] 1883,Caulolepis ,longidens,Gill [T. N.] 1883,,
18123960,Anoplogaster cornuta,Caulolepis  subulidens Garman [S.] 1899,Caulolepis ,subulidens,Garman [S.] 1899,,
12302,Lontra canadensis,"Lutra canadensis Schreber, 1777",Lutra,canadensis,"Schreber, 1777",,
17598,Corynorhinus townsendii,"Plecotus townsendii Cooper, 1837",Plecotus,townsendii,"Cooper, 1837",,
14157,Myotis evotis,"Myotis milleri Elliot, 1903",Myotis,milleri,"Elliot, 1903",,
88151055,Lasiurus blossevillii,"Vespertilio blossevillii Lesson & Garnot, 1826",Vespertilio,blossevillii,"Lesson & Garnot, 1826",,
8004,Erethizon dorsatum,"Hystrix dorsata Linnaeus, 1758",Hystrix,dorsata,"Linnaeus, 1758",,
15324,Ondatra zibethicus,"Castor zibethicus Linnaeus, 1766",Castor,zibethicus,"Linnaeus, 1766",,
164301,Alisma gramineum,Alisma arcuatum Michalet,Alisma,arcuatum,Michalet,,
164301,Alisma gramineum,Alisma loeselii Gorski,Alisma,loeselii,Gorski,,
164301,Alisma gramineum,Alisma graminifolium (Wahlenb.) Ehrh. ex Ledeb.,Alisma,graminifolium,(Wahlenb.) Ehrh. ex Ledeb.,,
164301,Alisma gramineum,Alisma loeselii Gorski,Alisma,loeselii,Gorski,,
164301,Alisma gramineum,Alisma graminifolium Steud.,Alisma,graminifolium,Steud.,,
155495,Dreissena polymorpha,"Mytilus polymorphus Pallas, 1771",Mytilus,polymorphus,"Pallas, 1771",,
155568,Radix auricularia,"Helix auricularia Linnaeus, 1758",Helix,auricularia,"Linnaeus, 1758",,
155568,Radix auricularia,"Lymnaea trencalaeonis Gassies, 1856",Lymnaea,trencalaeonis,"Gassies, 1856",,
155568,Radix auricularia,"Lymnaea discreta Burgeois, 1887",Lymnaea,discreta,"Burgeois, 1887",,
155568,Radix auricularia,"Lymnaea auricularia (Linnaeus, 1758)",Lymnaea,auricularia,"(Linnaeus, 1758)",,
155568,Radix auricularia,"Limnaea auricularia (Linnaeus, 1758) [orth. error]",Limnaea,auricularia,"(Linnaeus, 1758) [orth. error]",,
155571,Pisidium casertanum,"Pisidium ruwenzoriensis Germain, 1911",Pisidium,ruwenzoriensis,"Germain, 1911",,
155571,Pisidium casertanum,"Pisidium pusillum Letourneux & Bourguignat, 1887",Pisidium,pusillum,"Letourneux & Bourguignat, 1887",,
155571,Pisidium casertanum,"Pisidium rotundatum (Pallary, 1921)",Pisidium,rotundatum,"(Pallary, 1921)",,
155571,Pisidium casertanum,"Pisidium maroccanum (Pallary, 1936)",Pisidium,maroccanum,"(Pallary, 1936)",,
155571,Pisidium casertanum,"Pisidium lumsternianum Bourguignat, 1864",Pisidium,lumsternianum,"Bourguignat, 1864",,
155571,Pisidium casertanum,Pisidium cinereum Unknown,Pisidium,cinereum,Unknown,,
155571,Pisidium casertanum,"Euglesa   casertana (Poli, 1791)",Euglesa  ,casertana,"(Poli, 1791)",,
155571,Pisidium casertanum,"Cardium casertanum Poli, 1791",Cardium,casertanum,"Poli, 1791",,
155571,Pisidium casertanum,"Pisidium atlasicum Pallary, 1921",Pisidium,atlasicum,"Pallary, 1921",,
18252619,Cyclothone pallida,"Cyclothone canina Gilbert, 1905",Cyclothone,canina,"Gilbert, 1905",,
42830251,Chaenophryne ramifera,Chaenophryne  fimbriata Regan [C. T.] & Trewavas [E.] 1932,Chaenophryne ,fimbriata,Regan [C. T.] & Trewavas [E.] 1932,,
42830251,Chaenophryne ramifera,Chaenophryne  intermedia Belloc [G.] 1938,Chaenophryne ,intermedia,Belloc [G.] 1938,,
42830251,Chaenophryne ramifera,Chaenophryne pacis  Koefoed [E.] 1944,Chaenophryne,pacis, Koefoed [E.] 1944,,
42830277,Microlophichthys microlophus,"Dolopichthys  exiguus Regan & Trewavas, 1932",Dolopichthys ,exiguus,"Regan & Trewavas, 1932",,
42830277,Microlophichthys microlophus,"Dolopichthys  analogus Parr, 1927",Dolopichthys ,analogus,"Parr, 1927",,
42830277,Microlophichthys microlophus,"Dolopichthys  implumis Regan & Trewavas, 1932",Dolopichthys ,implumis,"Regan & Trewavas, 1932",,
42830277,Microlophichthys microlophus,"Dolopichthys microlophus Regan, 1925",Dolopichthys,microlophus,"Regan, 1925",,
164446,Najas minor,Caulinia minor (All.) Coss. & Germ.,Caulinia,minor,(All.) Coss. & Germ.,,
164446,Najas minor,Najas fragalis (Willd.) Delile,Najas,fragalis,(Willd.) Delile,,
164446,Najas minor,Caulinia fragalis Willd.,Caulinia,fragalis,Willd.,,
6494,Dermochelys coriacea,"Testudo coriacea Vandelli, 1761",Testudo,coriacea,"Vandelli, 1761",,
41273,Lepus americanus,"Lepus bishop J. Allen, 1899",Lepus,bishop,"J. Allen, 1899",,
41273,Lepus americanus,"Lepus bairdii Hayden, 1869",Lepus,bairdii,"Hayden, 1869",,
41273,Lepus americanus,"Lepus cascadensis Nelson, 1907",Lepus,cascadensis,"Nelson, 1907",,
41273,Lepus americanus,"Lepus columbiensis Rhodes, 1895",Lepus,columbiensis,"Rhodes, 1895",,
41273,Lepus americanus,"Lepus dalli  Merriam, 1900",Lepus,dalli ,"Merriam, 1900",,
41273,Lepus americanus,"Lepus hudsonius Pallas, 1778",Lepus,hudsonius,"Pallas, 1778",,
41273,Lepus americanus,"Lepus klamathensis  Merriam, 1899",Lepus,klamathensis ,"Merriam, 1899",,
41273,Lepus americanus,"Lepus macfarlani  Merriam, 1900",Lepus,macfarlani ,"Merriam, 1900",,
41273,Lepus americanus,"Lepus nanus Schreber, 1790",Lepus,nanus,"Schreber, 1790",,
41273,Lepus americanus,"Lepus niediecki  Matschie, 1907",Lepus,niediecki ,"Matschie, 1907",,
41273,Lepus americanus,"Lepus oregonus  Orr, 1934",Lepus,oregonus ,"Orr, 1934",,
41273,Lepus americanus,"Lepus pallidus Cowen, 1938",Lepus,pallidus,"Cowen, 1938",,
41273,Lepus americanus,Lepus phaeonotus J. Allen,Lepus,phaeonotus,J. Allen,,
41273,Lepus americanus,"Lepus pinetus Dalquest, 1942",Lepus,pinetus,"Dalquest, 1942",,
41273,Lepus americanus,"Lepus pinetus Osgood, 1900",Lepus,pinetus,"Osgood, 1900",,
41273,Lepus americanus,Lepus seclusus seclusus,Lepus,seclusus,seclusus,,
41273,Lepus americanus,"Lepus setzeri  Baker, 1959",Lepus,setzeri ,"Baker, 1959",,
41273,Lepus americanus,"Lepus struthopus  Bangs, 1898",Lepus,struthopus ,"Bangs, 1898",,
41273,Lepus americanus,"Lepus tahoensis  Orr, 1933",Lepus,tahoensis ,"Orr, 1933",,
41273,Lepus americanus,"Lepus virginianus  Harlan, 1825",Lepus,virginianus ,"Harlan, 1825",,
41273,Lepus americanus,Lepus wardi  Schinz. 1825,Lepus,wardi ,Schinz. 1825,,
41273,Lepus americanus,"Lepus washingtoni Baird, 1855",Lepus,washingtoni,"Baird, 1855",,
9561,Gulo gulo,"Mustela gulo Linnaeus, 1758",Mustela,gulo,"Linnaeus, 1758",,
9561,Gulo gulo,"Gulo luscus Linnaeus, 1758",Gulo,luscus,"Linnaeus, 1758",,
41648,Martes americana,"Martes caurina (Merriam, 1890)",Martes,caurina,"(Merriam, 1890)",,
41661,Neovison vison,"Mustela vison Schreber, 1777",Mustela,vison,"Schreber, 1777",,
41686,Procyon lotor,"Procyon gloveralleni Nelson & Goldman, 1930",Procyon,gloveralleni,"Nelson & Goldman, 1930",,
41686,Procyon lotor,"Procyon insularis Merriam, 1898",Procyon,insularis,"Merriam, 1898",,
41686,Procyon lotor,"Procyon maynardi Bangs, 1898",Procyon,maynardi,"Bangs, 1898",,
41686,Procyon lotor,"Procyon minor Miller, 1911",Procyon,minor,"Miller, 1911",,
41686,Procyon lotor,"Ursus lotor Linnaeus, 1758",Ursus,lotor,"Linnaeus, 1758",,
3590,Callorhinus ursinus,"Phoca ursina Linnaeus, 1758",Phoca,ursina,"Linnaeus, 1758",,
3590,Callorhinus ursinus,"Arctocephalus ursinus (Linnaeus, 1758)",Arctocephalus,ursinus,"(Linnaeus, 1758)",,
8239,Eumetopias jubatus,"Phoca jubata Schreber, 1776",Phoca,jubata,"Schreber, 1776",,
41666,Zalophus californianus,"Zalophus californianus ssp. californianus (Lesson, 1828)",Zalophus,californianus,,subspecies,"(Lesson, 1828)"
23062,Vulpes vulpes,"Canis vulpes Linnaeus, 1758",Canis,vulpes,"Linnaeus, 1758",,
44937492,Bombus occidentalis,"Bombus  mckayi Ashmead, 1902",Bombus ,mckayi,"Ashmead, 1902",,
192942,Morone saxatilis,"Perca saxatilis Walbaum, 1792",Perca,saxatilis,"Walbaum, 1792",,
192942,Morone saxatilis,"Perca mitchilli  alternata Mitchill, 1815",Perca mitchilli ,alternata,"Mitchill, 1815",,
192942,Morone saxatilis,"Perca mitchilli  interrupta Mitchill, 1815",Perca mitchilli ,interrupta,"Mitchill, 1815",,
192942,Morone saxatilis,"Sciaena  lineata Bloch, 1792",Sciaena ,lineata,"Bloch, 1792",,
192942,Morone saxatilis,"Perca  mitchilli Mitchill, 1815",Perca ,mitchilli,"Mitchill, 1815",,
192942,Morone saxatilis,"Holocentrus  saxatilis Suckow, 1799",Holocentrus ,saxatilis,"Suckow, 1799",,
192942,Morone saxatilis,"Perca  septentrionalis Bloch & Schneider, 1801",Perca ,septentrionalis,"Bloch & Schneider, 1801",,
192942,Morone saxatilis,"Roccus  striatus Mitchill, 1814",Roccus ,striatus,"Mitchill, 1814",,
2478,Balaenoptera physalus,"Balaena physalus Linnaeus, 1758",Balaena,physalus,"Linnaeus, 1758",,
8097,Eschrichtius robustus,<i>Eschrichtius</i> <i>gibbosus</i> Erxleben 1777,<i>Eschrichtius</i>,<i>gibbosus</i>,Erxleben 1777,,
9249,Globicephala macrorhynchus,"<i>Globicephala scammoni</i> Bailey, 1936",<i>Globicephala,scammoni</i>,"Bailey, 1936",,
9461,Grampus griseus,"Delphinus griseus G. Cuvier, 1812",Delphinus,griseus,"G. Cuvier, 1812",,
11145,Lagenorhynchus obliquidens,"<i>Lagenorhynchus</i> <i>ognevi</i> Sleptsov, 1955.",<i>Lagenorhynchus</i>,<i>ognevi</i>,"Sleptsov, 1955.",,
13006,Megaptera novaeangliae,"Balaena novaeangliae Borowski, 1781",Balaena,novaeangliae,"Borowski, 1781",,
15421,Orcinus orca,"Orcinus glacialis (Berzin & Vladimirov, 1983)",Orcinus,glacialis,"(Berzin & Vladimirov, 1983)",,
15421,Orcinus orca,"Delphinus orca Linnaeus, 1758",Delphinus,orca,"Linnaeus, 1758",,
15421,Orcinus orca,"Orcinus nanus Mikhalev, Ivashin, Savusin & Zelenaya, 1981",Orcinus,nanus,"Mikhalev, Ivashin, Savusin & Zelenaya, 1981",,
17032,Phocoenoides dalli,"Phocoenoides truei Andrews, 1911.",Phocoenoides,truei,"Andrews, 1911.",,
20731,Stenella coeruleoalba,"Stenella styx Gray, 1846",Stenella,styx,"Gray, 1846",,
20731,Stenella coeruleoalba,"Delphinus coeruleoalbus Meyen, 1833",Delphinus,coeruleoalbus,"Meyen, 1833",,
50631663,Prunus pensylvanica,Cerasus pensylvanica (L.f.) Loisel.,Cerasus,pensylvanica,(L.f.) Loisel.,,
50136459,Prunus emarginata,Cerasus emarginata Douglas,Cerasus,emarginata,Douglas,,
50136459,Prunus emarginata,Cerasus crenulata Greene,Cerasus,crenulata,Greene,,
50136459,Prunus emarginata,Cerasus mollis Douglas,Cerasus,mollis,Douglas,,
3179,Anaxyrus boreas,"Bufo boreas Baird and Girard, 1852",Bufo,boreas,"Baird and Girard, 1852",,
58565,Lithobates catesbeianus,"Rana catesbeiana Shaw, 1802",Rana,catesbeiana,"Shaw, 1802",,
58565,Lithobates catesbeianus,"Lithobates catesbeiana (Shaw, 1802) [orth. error]",Lithobates,catesbeiana,"(Shaw, 1802) [orth. error]",,
59057,Ambystoma gracile,"Siredon gracilis Baird, 1857",Siredon,gracilis,"Baird, 1857",,
59063,Ambystoma macrodactylum,"Ambystoma macrodactyla Baird, 1850",Ambystoma,macrodactyla,"Baird, 1850",,
8951,Gasterosteus aculeatus,"Leiurus  aculeatus (Linnaeus, 1758)",Leiurus ,aculeatus,"(Linnaeus, 1758)",,
8951,Gasterosteus aculeatus,"Gasterosteus  bispinosus Walbaum, 1792",Gasterosteus ,bispinosus,"Walbaum, 1792",,
8951,Gasterosteus aculeatus,"Gasterosteus  teraculeatus Lacepède, 1801",Gasterosteus ,teraculeatus,"Lacepède, 1801",,
8951,Gasterosteus aculeatus,"Gasteracanthus  cataphractus Pallas, 1814",Gasteracanthus ,cataphractus,"Pallas, 1814",,
8951,Gasterosteus aculeatus,"Gasterosteus  cataphractus (Pallas, 1814)",Gasterosteus ,cataphractus,"(Pallas, 1814)",,
8951,Gasterosteus aculeatus,"Gasterosteus  biaculeatus Mitchill, 1815",Gasterosteus ,biaculeatus,"Mitchill, 1815",,
8951,Gasterosteus aculeatus,"Gasterosteus  semiarmatus Cuvier, 1829",Gasterosteus ,semiarmatus,"Cuvier, 1829",,
8951,Gasterosteus aculeatus,"Gasterosteus  niger Cuvier, 1829",Gasterosteus ,niger,"Cuvier, 1829",,
8951,Gasterosteus aculeatus,"Gasterosteus  trachurus Cuvier, 1829",Gasterosteus ,trachurus,"Cuvier, 1829",,
8951,Gasterosteus aculeatus,"Gasterosteus  leiurus Cuvier, 1829",Gasterosteus ,leiurus,"Cuvier, 1829",,
8951,Gasterosteus aculeatus,"Gasterosteus  semiloricatus Cuvier, 1829",Gasterosteus ,semiloricatus,"Cuvier, 1829",,
8951,Gasterosteus aculeatus,"Gasterosteus  argyropomus Cuvier, 1829",Gasterosteus ,argyropomus,"Cuvier, 1829",,
8951,Gasterosteus aculeatus,"Gasterosteus  tetracanthus Cuvier, 1829",Gasterosteus ,tetracanthus,"Cuvier, 1829",,
8951,Gasterosteus aculeatus,"Gasterosteus  brachycentrus Cuvier, 1829",Gasterosteus ,brachycentrus,"Cuvier, 1829",,
8951,Gasterosteus aculeatus,"Gasterosteus  noveboracensis Cuvier, 1829",Gasterosteus ,noveboracensis,"Cuvier, 1829",,
8951,Gasterosteus aculeatus,"Gasterosteus  obolarius Cuvier, 1829",Gasterosteus ,obolarius,"Cuvier, 1829",,
8951,Gasterosteus aculeatus,"Gasterosteus  spinulosus Yarrell, 1835",Gasterosteus ,spinulosus,"Yarrell, 1835",,
8951,Gasterosteus aculeatus,"Gasterosteus  dimidiatus Reinhardt, 1837",Gasterosteus ,dimidiatus,"Reinhardt, 1837",,
8951,Gasterosteus aculeatus,"Gasterosteus  loricatus Reinhardt, 1837",Gasterosteus ,loricatus,"Reinhardt, 1837",,
8951,Gasterosteus aculeatus,"Gasterosteus  biarmatus Krynicki, 1840",Gasterosteus ,biarmatus,"Krynicki, 1840",,
8951,Gasterosteus aculeatus,"Gasterosteus  ponticus Nordmann, 1840",Gasterosteus ,ponticus,"Nordmann, 1840",,
8951,Gasterosteus aculeatus,"Gasterosteus  neoboracensis DeKay, 1842",Gasterosteus ,neoboracensis,"DeKay, 1842",,
8951,Gasterosteus aculeatus,"Gasterosteus  nemausensis Crespon, 1844",Gasterosteus ,nemausensis,"Crespon, 1844",,
8951,Gasterosteus aculeatus,"Gasterosteus  quadrispinosa Crespon, 1844",Gasterosteus ,quadrispinosa,"Crespon, 1844",,
8951,Gasterosteus aculeatus,"Gasterosteus  cuvieri Girard, 1850",Gasterosteus ,cuvieri,"Girard, 1850",,
8951,Gasterosteus aculeatus,"Gasterosteus  williamsoni Girard, 1854",Gasterosteus ,williamsoni,"Girard, 1854",,
8951,Gasterosteus aculeatus,"Gasterosteus  inopinatus Girard, 1854",Gasterosteus ,inopinatus,"Girard, 1854",,
8951,Gasterosteus aculeatus,"Gasterosteus  plebeius Girard, 1854",Gasterosteus ,plebeius,"Girard, 1854",,
8951,Gasterosteus aculeatus,"Gasterosteus  dekayi Ayres, 1855",Gasterosteus ,dekayi,"Ayres, 1855",,
8951,Gasterosteus aculeatus,"Gasterosteus  serratus Ayres, 1855",Gasterosteus ,serratus,"Ayres, 1855",,
8951,Gasterosteus aculeatus,"Gasterosteus  insculptus Richardson, 1855",Gasterosteus ,insculptus,"Richardson, 1855",,
8951,Gasterosteus aculeatus,"Gasterosteus  intermedius Girard, 1856",Gasterosteus ,intermedius,"Girard, 1856",,
8951,Gasterosteus aculeatus,"Gasterosteus pugetti Girard, 1856",Gasterosteus,pugetti,"Girard, 1856",,
8951,Gasterosteus aculeatus,"Gasterosteus  neustrianus Blanchard, 1866",Gasterosteus ,neustrianus,"Blanchard, 1866",,
8951,Gasterosteus aculeatus,"Gasterosteus  argentatissimus Blanchard, 1866",Gasterosteus ,argentatissimus,"Blanchard, 1866",,
8951,Gasterosteus aculeatus,"Gasterosteus  elegans Blanchard, 1866",Gasterosteus ,elegans,"Blanchard, 1866",,
8951,Gasterosteus aculeatus,"Gasterosteus  bailloni Blanchard, 1866",Gasterosteus ,bailloni,"Blanchard, 1866",,
8951,Gasterosteus aculeatus,"Gasterosteus texanus Sauvage, 1874",Gasterosteus,texanus,"Sauvage, 1874",,
8951,Gasterosteus aculeatus,"Gasterosteus  algeriensis Sauvage, 1874",Gasterosteus ,algeriensis,"Sauvage, 1874",,
8951,Gasterosteus aculeatus,"Gasterosteus  suppositus Sauvage, 1874",Gasterosteus ,suppositus,"Sauvage, 1874",,
8951,Gasterosteus aculeatus,"Gasterosteus  atkinsii Bean, 1879",Gasterosteus ,atkinsii,"Bean, 1879",,
8951,Gasterosteus aculeatus,"Gasterosteus  hologymnus Regan, 1909",Gasterosteus ,hologymnus,"Regan, 1909",,
8951,Gasterosteus aculeatus,"Gasterosteus  santaeannae Regan, 1909",Gasterosteus ,santaeannae,"Regan, 1909",,
8951,Gasterosteus aculeatus,"Gasterosteus  aculeatus messinicus Stephanidis, 1971",Gasterosteus ,aculeatus messinicus,"Stephanidis, 1971",,
58521185,Boletopsis grisea,Polyporus griseus Peck,Polyporus,griseus,Peck,,
18252612,Cyclothone acclinidens,Cyclothone pseudoaccliniden,Cyclothone,pseudoaccliniden,,,
18125776,Coryphaenoides armatus,"Macrurus armatus Hector, 1875",Macrurus,armatus,"Hector, 1875",,
18125776,Coryphaenoides armatus,Nematonurus abyssorum Gilbert 1915,Nematonurus,abyssorum,Gilbert 1915,,
18125776,Coryphaenoides armatus,Macrurus asper Goode & Bean 1883,Macrurus,asper,Goode & Bean 1883,,
18125776,Coryphaenoides armatus,Nematonurus cyclolepis Gilbert 1896,Nematonurus,cyclolepis,Gilbert 1896,,
18125776,Coryphaenoides armatus,Coryphaenoides gigas Vaillant 1888,Coryphaenoides,gigas,Vaillant 1888,,
18125776,Coryphaenoides armatus,Macurus goodii Gunther 1887,Macurus,goodii,Gunther 1887,,
18125776,Coryphaenoides armatus,Macrurus suborbitalis Gill & Townsend 1897,Macrurus,suborbitalis,Gill & Townsend 1897,,
18125776,Coryphaenoides armatus,Coryphaenoides variabilis Gunther 1878,Coryphaenoides,variabilis,Gunther 1878,,
60477122,Melamphaes longivelis,Melamphaes microps  longivelis Parr,Melamphaes microps ,longivelis,Parr,,
190214,Nemichthys scolopaceus,"Nematoprora polygonifera Gilbert, 1905",Nematoprora,polygonifera,"Gilbert, 1905",,
190214,Nemichthys scolopaceus,"Tilurella gaussiana Pappenheim, 1914",Tilurella,gaussiana,"Pappenheim, 1914",,
190214,Nemichthys scolopaceus,"Leptocephalus andreae Schmidt, 1912",Leptocephalus,andreae,"Schmidt, 1912",,
190214,Nemichthys scolopaceus,"Nemichthys scolopacea Richardson, 1848",Nemichthys,scolopacea,"Richardson, 1848",,
190214,Nemichthys scolopaceus,"Nemichthys mediterraneus Ariola, 1904",Nemichthys,mediterraneus,"Ariola, 1904",,
190214,Nemichthys scolopaceus,"Nemichthys gaussiana (Pappenheim, 1914)",Nemichthys,gaussiana,"(Pappenheim, 1914)",,
190214,Nemichthys scolopaceus,"Belonopsis leuchtenbergi (Lowe, 1852)",Belonopsis,leuchtenbergi,"(Lowe, 1852)",,
190214,Nemichthys scolopaceus,"Investigator acanthonotus (Alcock, 1894)",Investigator,acanthonotus,"(Alcock, 1894)",,
190214,Nemichthys scolopaceus,"Leptocephalus canaricus Lea, 1913",Leptocephalus,canaricus,"Lea, 1913",,
190214,Nemichthys scolopaceus,"Nemichthys acanthonotus Alcock, 1894",Nemichthys,acanthonotus,"Alcock, 1894",,
190214,Nemichthys scolopaceus,"Leptorhynchus leuchtenbergi Lowe, 1852",Leptorhynchus,leuchtenbergi,"Lowe, 1852",,
190214,Nemichthys scolopaceus,"Cercomitus flagellifer Weber, 1913",Cercomitus,flagellifer,"Weber, 1913",,
190214,Nemichthys scolopaceus,"Nemichthys fronto Garman, 1899",Nemichthys,fronto,"Garman, 1899",,
190214,Nemichthys scolopaceus,"Nemichthys scalopaceus Richardson, 1848",Nemichthys,scalopaceus,"Richardson, 1848",,
190214,Nemichthys scolopaceus,"Nemichthys avocetta Jordan & Gilbert, 1881",Nemichthys,avocetta,"Jordan & Gilbert, 1881",,
190214,Nemichthys scolopaceus,"Paravocettinops trilinearis Kanazawa & Maul, 1967",Paravocettinops,trilinearis,"Kanazawa & Maul, 1967",,
58578,Lithobates clamitans,"Rana clamitans Latreille, 1801",Rana,clamitans,"Latreille, 1801",,
59971,Pantala flavescens,"Libellula flavescens Fabricius, 1798",Libellula,flavescens,"Fabricius, 1798",,
59971,Pantala flavescens,"Libellula analis Burmeister, 1839",Libellula,analis,"Burmeister, 1839",,
59971,Pantala flavescens,"Libellula terminalis Burmeister, 1839",Libellula,terminalis,"Burmeister, 1839",,
59971,Pantala flavescens,"Libellula viridula Palisot de Beauvois, 1807",Libellula,viridula,"Palisot de Beauvois, 1807",,
59971,Pantala flavescens,"Orthetrum mathewi Singh & Baijal, 1955",Orthetrum,mathewi,"Singh & Baijal, 1955",,
59971,Pantala flavescens,"Sympetrum tandicola Singh, 1955",Sympetrum,tandicola,"Singh, 1955",,
164223,Juncus effusus,Juncus fistulosus Guss.,Juncus,fistulosus,Guss.,,
164223,Juncus effusus,Juncus expansus Jan,Juncus,expansus,Jan,,
164223,Juncus effusus,Juncus canariensis Willd.,Juncus,canariensis,Willd.,,
164223,Juncus effusus,Juncus communis E.Mey.,Juncus,communis,E.Mey.,,
164223,Juncus effusus,Juncus pylaei Laharpe,Juncus,pylaei,Laharpe,,
66639255,Musculium partumeium,"Sphaerium partumeium Say, 1822",Sphaerium,partumeium,"Say, 1822",,
66639265,Musculium securis,"Cyclas  crocea  Lewis, 1854",Cyclas ,crocea ,"Lewis, 1854",,
66639265,Musculium securis,"Musculium  parvum  Sterki, 1909",Musculium ,parvum ,"Sterki, 1909",,
66639265,Musculium securis,"Musculium   australe Sterki, 1916",Musculium  ,australe,"Sterki, 1916",,
66639265,Musculium securis,"Sphaerium  securis  Prime, 1852",Sphaerium ,securis ,"Prime, 1852",,
65374916,Syngnathus leptorhynchus,"Syngnathus griseolineatus Ayres, 1854",Syngnathus,griseolineatus,"Ayres, 1854",,
63119,Amblyraja hyperborea,"Raja hyperborea Collett, 1879",Raja,hyperborea,"Collett, 1879",,
44937809,Bombus melanopygus,"Bombus melampygus Handlirsch, 1888",Bombus,melampygus,"Handlirsch, 1888",,
44937809,Bombus melanopygus,"Bombus edwardsii Cresson, 1878",Bombus,edwardsii,"Cresson, 1878",,
44937809,Bombus melanopygus,"Bombus melanopyge Nylander, 1848 [orth. error]",Bombus,melanopyge,"Nylander, 1848 [orth. error]",,
44937707,Bombus bifarius,Bombus nearcticus,Bombus,nearcticus,,,
44937898,Bombus mixtus,"Bombus praticola Kirby, 1837",Bombus,praticola,"Kirby, 1837",,
155937,Musculium transversum,"Sphaerium   pallidum Gray, 1856",Sphaerium  ,pallidum,"Gray, 1856",,
155937,Musculium transversum,"Sphaerium  contractum  Prime, 1865",Sphaerium ,contractum ,"Prime, 1865",,
70401627,Hericium erinaceus,Hydnum erinaceus Bull.,Hydnum,erinaceus,Bull.,,
75104087,Fomitopsis officinalis,Boletus officinalis Vill.,Boletus,officinalis,Vill.,,
75104087,Fomitopsis officinalis,Laricifomes officinalis (Vill.) Kot. & Pouzar,Laricifomes,officinalis,(Vill.) Kot. & Pouzar,,
75104087,Fomitopsis officinalis,Fomes officinalis (Vill.) Bres.,Fomes,officinalis,(Vill.) Bres.,,
75121617,Rhizopogon alexsmithii,Alpova alexsmithii Trappe,Alpova,alexsmithii,Trappe,,
176004,Hammarbya paludosa,Epipactis  paludosa  (L.) F. W. Schmidt,Epipactis ,paludosa ,(L.) F. W. Schmidt,,
176004,Hammarbya paludosa,Malaxis  paludosa  (L.) Sw.,Malaxis ,paludosa ,(L.) Sw.,,
176004,Hammarbya paludosa,Ophrys  paludosa  L.,Ophrys ,paludosa ,L.,,
176004,Hammarbya paludosa,Orchis  paludosa  (L.) Pall.,Orchis ,paludosa ,(L.) Pall.,,
176004,Hammarbya paludosa,Sturmia  paludosa  (L.) Rchb.,Sturmia ,paludosa ,(L.) Rchb.,,
176004,Hammarbya paludosa,Malaxis  palustris  (Huds.) Rich.,Malaxis ,palustris ,(Huds.) Rich.,,
176004,Hammarbya paludosa,Ophrys  palustris  Huds.,Ophrys ,palustris ,Huds.,,
175931,Neottia cordata,Ophrys   cordata L.,Ophrys  ,cordata,L.,,
175931,Neottia cordata,Epipactis  cordata  (L.) All.,Epipactis ,cordata ,(L.) All.,,
175931,Neottia cordata,Listera  cordata  (L.) R. Br.,Listera ,cordata ,(L.) R. Br.,,
175931,Neottia cordata,Listera  nephrophylla  Rydb.,Listera ,nephrophylla ,Rydb.,,
175931,Neottia cordata,Serapias  cordata  (L.) Steud.,Serapias ,cordata ,(L.) Steud.,,
175931,Neottia cordata,Pollinirhiza  cordata  (L.) Dulac,Pollinirhiza ,cordata ,(L.) Dulac,,
175931,Neottia cordata,Helleborine  cordata  (L.) F. W. Schmidt,Helleborine ,cordata ,(L.) F. W. Schmidt,,
175931,Neottia cordata,Distomaea  cordata  (L.) Spenn.,Distomaea ,cordata ,(L.) Spenn.,,
175967,Platanthera hyperborea,Gymnadenia  hyperborea  (L.) Link,Gymnadenia ,hyperborea ,(L.) Link,,
175967,Platanthera hyperborea,Habenaria  hyperborea  (L.) R. Br.,Habenaria ,hyperborea ,(L.) R. Br.,,
175967,Platanthera hyperborea,Limnorchis  hyperborea  (L.) Rydb.,Limnorchis ,hyperborea ,(L.) Rydb.,,
175967,Platanthera hyperborea,Orchis  hyperborea  L.,Orchis ,hyperborea ,L.,,
175925,Spiranthes romanzoffiana,Neottia  gemmipara  Sm.,Neottia ,gemmipara ,Sm.,,
175925,Spiranthes romanzoffiana,Gyrostachys  stricta  Rydb.,Gyrostachys ,stricta ,Rydb.,,
175925,Spiranthes romanzoffiana,Gyrostachys  gemmipara  (Sm.) Kuntze,Gyrostachys ,gemmipara ,(Sm.) Kuntze,,
175925,Spiranthes romanzoffiana,Ibidium  strictum  (Rydb.) House,Ibidium ,strictum ,(Rydb.) House,,
39396,Tetronarce californica,"Torpedo californica Ayres, 1855",Torpedo,californica,"Ayres, 1855",,
161375,Bathyraja trachura,Raja trachura Gilbert 1891,Raja,trachura,Gilbert 1891,,
161375,Bathyraja trachura,Raja microtrachys Osburn and Nichols 1916,Raja,microtrachys,Osburn and Nichols 1916,,
161452,Amblyraja badia,"Raja badia Garman, 1899",Raja,badia,"Garman, 1899",,
60191,Hydrolagus colliei,"Chimaera colliei Lay & Bennett, 1839",Chimaera,colliei,"Lay & Bennett, 1839",,
60191,Hydrolagus colliei,"Chimaera media Garman, 1911",Chimaera,media,"Garman, 1911",,
44183,Beringraja binoculata,"Raja binoculata Girard, 1855",Raja,binoculata,"Girard, 1855",,
44183,Beringraja binoculata,"Dipturus binoculata (Girard, 1855)",Dipturus,binoculata,"(Girard, 1855)",,
81358340,Minuartia pusilla,Arenaria pusilla S.Watson,Arenaria,pusilla,S.Watson,,
191206,Alosa sapidissima,"Clupea sapidissima Wilson, 1811",Clupea,sapidissima,"Wilson, 1811",,
164482,Ottelia alismoides,Stratiotes alismoides L.,Stratiotes,alismoides,L.,,
164482,Ottelia alismoides,Damasonium alismoides (L.) R.Br.,Damasonium,alismoides,(L.) R.Br.,,
164042,Juncus bufonius,Juncus minutulus V.I.Krecz. & Gontsch.,Juncus,minutulus,V.I.Krecz. & Gontsch.,,
164042,Juncus bufonius,Juncus bufonius subsp. genuinus Cout.,Juncus,bufonius,,subspecies (plantae),Cout.
164042,Juncus bufonius,Juncus bufonius subsp. vulgaris Boiss.,Juncus,bufonius,,subspecies (plantae),Boiss.
22680149,Mareca strepera,"Anas strepera Linnaeus, 1758",Anas,strepera,"Linnaeus, 1758",,
22693468,Calidris pugnax,"Philomachus pugnax (Linnaeus, 1758)",Philomachus,pugnax,"(Linnaeus, 1758)",,
22693468,Calidris pugnax,"Tringa pugnax Linnaeus, 1758",Tringa,pugnax,"Linnaeus, 1758",,
90066866,Contia tenuis,"Calamaria tenuis Baird & Girard, 1852",Calamaria,tenuis,"Baird & Girard, 1852",,
22680163,Mareca americana,"Anas americana Gmelin, 1789",Anas,americana,"Gmelin, 1789",,
22680229,Spatula discors,"Anas discors Linnaeus, 1766",Anas,discors,"Linnaeus, 1766",,
22680233,Spatula cyanoptera,"Anas cyanoptera Vieillot, 1816",Anas,cyanoptera,"Vieillot, 1816",,
22680472,Lophodytes cucullatus,Mergus cucullatus,Mergus cucullatus,,AERC TAC (2003),,
22680472,Lophodytes cucullatus,Mergus cucullatus cucullatus Stotz et al. (1996),Mergus cucullatus,cucullatus,Stotz et al. (1996),,
22680472,Lophodytes cucullatus,Mergus cucullatus cucullatus Cramp and Simmons (1977-1994),Mergus cucullatus,cucullatus,Cramp and Simmons (1977-1994),,
22681155,Dryobates pubescens,"Picoides pubescens (Linnaeus, 1766)",Picoides,pubescens,"(Linnaeus, 1766)",,
22681166,Leuconotopicus villosus,"Picoides villosus (Linnaeus, 1766)",Picoides,villosus,"(Linnaeus, 1766)",,
22681363,Hylatomus pileatus,"Dryocopus pileatus (Linnaeus, 1758)",Dryocopus,pileatus,"(Linnaeus, 1758)",,
22683623,Megaceryle alcyon,Ceryle alcyon,Ceryle alcyon,,AERC TAC (2003),,
22683623,Megaceryle alcyon,Ceryle alcyon alcyon Cramp and Simmons (1977-1994),Ceryle alcyon,alcyon,Cramp and Simmons (1977-1994),,
22683623,Megaceryle alcyon,Ceryle alcyon,Ceryle alcyon,,BirdLife International (2004),,
22683623,Megaceryle alcyon,Ceryle alcyon,Ceryle alcyon,,Stotz et al. (1996),,
22688747,Megascops kennicottii,Otus kennicottii,Otus kennicottii,,BirdLife International (2004),,
22688747,Megascops kennicottii,Otus kennicotti kennicotti Stotz et al. (1996),Otus kennicotti,kennicotti,Stotz et al. (1996),,
22692078,Antigone canadensis,"Grus canadensis (Linnaeus, 1758)",Grus,canadensis,"(Linnaeus, 1758)",,
22693277,Actitis macularius,"Tringa macularia macularia Sibley and Monroe (1990, 1993)",Tringa macularia,macularia,"Sibley and Monroe (1990, 1993)",,
22693277,Actitis macularius,Actitis macularia macularia Stotz et al. (1996),Actitis macularia,macularia,Stotz et al. (1996),,
22693277,Actitis macularius,Actitis macularia macularia Cramp and Simmons (1977-1994),Actitis macularia,macularia,Cramp and Simmons (1977-1994),,
22693305,Tringa incana,Tringa incana Turbott (1990),Tringa,incana,Turbott (1990),,
22693305,Tringa incana,"Tringa incana Sibley and Monroe (1990, 1993)",Tringa,incana,"Sibley and Monroe (1990, 1993)",,
22693305,Tringa incana,Tringa incana AOU checklist (1998 + supplements),Tringa,incana,AOU checklist (1998 + supplements),,
22693305,Tringa incana,Tringa incana Christidis and Boles (2008),Tringa,incana,Christidis and Boles (2008),,
22693305,Tringa incana,"Heteroscelus incanus (Gmelin, 1789)",Heteroscelus,incanus,"(Gmelin, 1789)",,
22693356,Calidris virgata,"Aphriza virgata (Gmelin, 1789)",Aphriza,virgata,"(Gmelin, 1789)",,
22693740,Pluvialis dominica,Pluvialis dominicus dominicus Christidis and Boles (2008),Pluvialis dominicus,dominicus,Christidis and Boles (2008),,
22708385,Ixoreus naevius,Ixoreus naevius naevius AOU checklist (1998 + supplements),Ixoreus naevius,naevius,AOU checklist (1998 + supplements),,
22708385,Ixoreus naevius,"Zoothera naevia (Gmelin, 1789)",Zoothera,naevia,"(Gmelin, 1789)",,
22711767,Poecile rufescens,Poecile rufescens rufescens AOU checklist (1998 + supplements),Poecile rufescens,rufescens,AOU checklist (1998 + supplements),,
22711767,Poecile rufescens,"Parus rufescens Townsend, 1837",Parus,rufescens,"Townsend, 1837",,
22712427,Petrochelidon pyrrhonota,Hirundo pyrrhonota,Hirundo pyrrhonota,,AERC TAC (2003),,
22712427,Petrochelidon pyrrhonota,"Hirundo pyrrhonota pyrrhonota Sibley and Monroe (1990, 1993)",Hirundo pyrrhonota,pyrrhonota,"Sibley and Monroe (1990, 1993)",,
22720359,Spinus pinus,"Carduelis pinus (Wilson, 1810)",Carduelis,pinus,"(Wilson, 1810)",,
22720407,Spinus tristis,"Carduelis tristis (Linnaeus, 1758)",Carduelis,tristis,"(Linnaeus, 1758)",,
22720553,Haemorhous purpureus,"Carpodacus purpureus (Gmelin, 1789)",Carpodacus,purpureus,"(Gmelin, 1789)",,
22721058,Melospiza melodia,Zonotrichia melodia melodia Stotz et al. (1996),Zonotrichia melodia,melodia,Stotz et al. (1996),,
22721064,Melospiza lincolnii,Zonotrichia lincolnii lincolnii Stotz et al. (1996),Zonotrichia lincolnii,lincolnii,Stotz et al. (1996),,
22721624,Leiothlypis celata,"Vermivora celata (Say, 1823)",Vermivora,celata,"(Say, 1823)",,
22721679,Setophaga nigrescens,"Dendroica nigrescens (Townsend, 1837)",Dendroica,nigrescens,"(Townsend, 1837)",,
22721683,Setophaga townsendi,"Dendroica townsendi (Townsend, 1837)",Dendroica,townsendi,"(Townsend, 1837)",,
22721879,Cardellina pusilla,"Wilsonia pusilla (Wilson, 1811)",Wilsonia,pusilla,"(Wilson, 1811)",,
22728182,Butorides striata,"Butorides virescens (Linnaeus, 1758)",Butorides,virescens,"(Linnaeus, 1758)",,
22729123,Icterus bullockiorum,"Icterus bullockii (Swainson, 1827)",Icterus,bullockii,"(Swainson, 1827)",,
62015238,Haematopus ater,"Haematopus bachmani Audubon, 1838",Haematopus,bachmani,"Audubon, 1838",,
62169677,Fulica americana,"Fulica caribaea Ridgway, 1884",Fulica,caribaea,"Ridgway, 1884",,
95383414,Biscogniauxia bartholomaei,Numulariola bartholomaei (Peck) P.M.D.Martin,Numulariola,bartholomaei,(Peck) P.M.D.Martin,,
95383414,Biscogniauxia bartholomaei,Nummularia bartholomaei  (Peck) Lar.N.Vassiljeva,Nummularia,bartholomaei ,(Peck) Lar.N.Vassiljeva,,
95383414,Biscogniauxia bartholomaei,Hypoxylon bartholomaei Peck,Hypoxylon,bartholomaei,Peck,,
164133,Zannichellia palustris,Pelta palustris (L.) Dulac,Pelta,palustris,(L.) Dulac,,
18868,Puma concolor,"Felis concolor Linnaeus, 1771",Felis,concolor,"Linnaeus, 1771",,
190422,Mola mola,"Tetraodon mola Linnaeus, 1758",Tetraodon,mola,"Linnaeus, 1758",,
22699787,Contopus cooperi,Contopus borealis ssp. borealis — Stotz <i>et al</i>. (1996),Contopus,borealis,,subspecies,— Stotz <i>et al</i>. (1996)
22699787,Contopus cooperi,"Contopus borealis ssp. borealis — Sibley and Monroe (1990, 1993)",Contopus,borealis,,subspecies,"— Sibley and Monroe (1990, 1993)"
110847130,Mobula mobular,"Raia mobular Bonnaterre, 1788",Raia,mobular,"Bonnaterre, 1788",,
110847130,Mobula mobular,"Mobula japanica (Müller & Henle, 1841)",Mobula,japanica,"(Müller & Henle, 1841)",,
22680157,Mareca penelope,"Anas penelope Linnaeus, 1758",Anas,penelope,"Linnaeus, 1758",,
22679464,Lagopus muta,Lagopus mutus BirdLife International (2004),Lagopus,mutus,BirdLife International (2004),,
22679464,Lagopus muta,Lagopus mutus Cramp and Simmons (1977-1994),Lagopus,mutus,Cramp and Simmons (1977-1994),,
22679464,Lagopus muta,"Lagopus mutus Sibley and Monroe (1990, 1993)",Lagopus,mutus,"Sibley and Monroe (1990, 1993)",,
91109639,Margaritifera falcata,"Alasmodon yubaensis Trask, 1855",Alasmodon,yubaensis,"Trask, 1855",,
91109639,Margaritifera falcata,"Alasmodon falcata Gould, 1850",Alasmodon,falcata,"Gould, 1850",,
91149898,Anodonta nuttalliana,"Anodon  rostratus  Sowerby, 1867",Anodon ,rostratus ,"Sowerby, 1867",,
91149898,Anodonta nuttalliana,"Anodonta  rotundovata  Trask, 1855",Anodonta ,rotundovata ,"Trask, 1855",,
91149898,Anodonta nuttalliana,"Anodonta  triangularis  Trask, 1855",Anodonta ,triangularis ,"Trask, 1855",,
91149898,Anodonta nuttalliana,"Anodonta  laosensis  Fischer, 1891",Anodonta ,laosensis ,"Fischer, 1891",,
91149898,Anodonta nuttalliana,"Anodonta  wahlamatensis  Lea, 1838",Anodonta ,wahlamatensis ,"Lea, 1838",,
91149898,Anodonta nuttalliana,"Anodonta californiensis Lea, 1852",Anodonta,californiensis,"Lea, 1852",,
189487,Anodonta oregonensis,"Anodon  cognata  Gould, 1850",Anodon ,cognata ,"Gould, 1850",,
1869,Aplodontia rufa,"Anisonyx rufa Rafinesque, 1817",Anisonyx,rufa,"Rafinesque, 1817",,
13972,Mus musculus,"Mus abbotti Waterhouse, 1837",Mus,abbotti,"Waterhouse, 1837",,
13972,Mus musculus,"Mus domesticus Rutty, 1772",Mus,domesticus,"Rutty, 1772",,
41468,Neurotrichus gibbsii,"Urotrichus gibbsii Baird, 1858",Urotrichus,gibbsii,"Baird, 1858",,
42569,Neotamias amoenus,"Tamias amoenus J.A. Allen, 1890",Tamias,amoenus,"J.A. Allen, 1890",,
42584,Neotamias townsendii,"Tamias townsendii Bachman, 1839",Tamias,townsendii,"Bachman, 1839",,
42617,Myodes gapperi,"Clethrionomys gapperi ssp. solus Hall & Cockrum, 1952 [orth. error]",Clethrionomys,gapperi,,subspecies,"Hall & Cockrum, 1952 [orth. error]"
154635,Lestidiops ringens,"Sudis ringens Jordan & Gilbert, 1880",Sudis,ringens,"Jordan & Gilbert, 1880",,
154635,Lestidiops ringens,"Lestidium ringens (Jordan & Gilbert, 1880)",Lestidium,ringens,"(Jordan & Gilbert, 1880)",,
154755,Genyonemus lineatus,"Leiostomus lineatus Ayres, 1855",Leiostomus,lineatus,"Ayres, 1855",,
154845,Lyopsetta exilis,Eopsetta exilis (Jordan & Gilbert 1880),Eopsetta,exilis,(Jordan & Gilbert 1880),,
154845,Lyopsetta exilis,Hippoglossoides exilis Jordan & Gilbert 1880,Hippoglossoides,exilis,Jordan & Gilbert 1880,,
154866,Pholis ornata,"Gunellus ornatus Girard, 1854",Gunellus,ornatus,"Girard, 1854",,
155009,Pseudobathylagus milleri,"Bathylagus milleri Jordan & Gilbert, 1898",Bathylagus,milleri,"Jordan & Gilbert, 1898",,
155009,Pseudobathylagus milleri,"Bathylagus alascanus Chapman, 1939",Bathylagus,alascanus,"Chapman, 1939",,
155009,Pseudobathylagus milleri,"Bathylagus arae Schmidt, 1950",Bathylagus,arae,"Schmidt, 1950",,
155179,Rhacochilus vacca,"Embiotoca argyrosoma Girard, 1856",Embiotoca,argyrosoma,"Girard, 1856",,
155179,Rhacochilus vacca,"Damalichthys vacca Girard, 1855",Damalichthys,vacca,"Girard, 1855",,
155179,Rhacochilus vacca,"Ditrema vacca (Girard, 1855)",Ditrema,vacca,"(Girard, 1855)",,
155179,Rhacochilus vacca,"Damalichthys argyrosomus (Girard, 1856)",Damalichthys,argyrosomus,"(Girard, 1856)",,
155216,Icelinus filamentosus,"Tarandichthys filamentosus (Gilbert, 1890)",Tarandichthys,filamentosus,"(Gilbert, 1890)",,
190452,Naucrates ductor,"Naucrates noveboracensis Cuvier, 1832",Naucrates,noveboracensis,"Cuvier, 1832",,
190452,Naucrates ductor,Nauclerus triacanthus Valenciennes 1833,Nauclerus,triacanthus,Valenciennes 1833,,
190452,Naucrates ductor,"Nauclerus annularis Valenciennes, 1833",Nauclerus,annularis,"Valenciennes, 1833",,
190452,Naucrates ductor,"Naucrates indicus Lesson, 1831",Naucrates,indicus,"Lesson, 1831",,
190452,Naucrates ductor,Nauclerus brachycentrus Valenciennes 1833,Nauclerus,brachycentrus,Valenciennes 1833,,
190452,Naucrates ductor,Naucrates polysarcus Fowler 1905,Naucrates,polysarcus,Fowler 1905,,
190452,Naucrates ductor,"Nauclerus leucurus Valenciennes, 1833",Nauclerus,leucurus,"Valenciennes, 1833",,
190452,Naucrates ductor,"Seriola dussumieri Valenciennes, 1833",Seriola,dussumieri,"Valenciennes, 1833",,
190452,Naucrates ductor,Nauclerus abreviatus Valenciennes 1833,Nauclerus,abreviatus,Valenciennes 1833,,
190452,Naucrates ductor,Naucrates fanfarus Rafinesque 1810,Naucrates,fanfarus,Rafinesque 1810,,
190452,Naucrates ductor,Naucrates angeli Whitley 1931,Naucrates,angeli,Whitley 1931,,
190452,Naucrates ductor,Naucrates cyanophrys Swainson 1839,Naucrates,cyanophrys,Swainson 1839,,
190452,Naucrates ductor,"Gasterosteus ductor Linnaeus, 1758",Gasterosteus,ductor,"Linnaeus, 1758",,
190452,Naucrates ductor,"Gasterosteus antecessor Daldorff, 1793",Gasterosteus,antecessor,"Daldorff, 1793",,
190452,Naucrates ductor,"Naucrates indicus Griffith & Smith, 1834",Naucrates,indicus,"Griffith & Smith, 1834",,
190452,Naucrates ductor,"Scomber caeruleoalbus Osbeck, 1765",Scomber,caeruleoalbus,"Osbeck, 1765",,
190452,Naucrates ductor,"Seriola succincta Valenciennes, 1833",Seriola,succincta,"Valenciennes, 1833",,
190452,Naucrates ductor,"Thynnus pompilus Gronow, 1854",Thynnus,pompilus,"Gronow, 1854",,
190452,Naucrates ductor,"Scomber koelreuteri Schneider,1801",Scomber,koelreuteri,"Schneider,1801",,
190452,Naucrates ductor,Nauclerus compressus Valenciennes 1833,Nauclerus,compressus,Valenciennes 1833,,
190452,Naucrates ductor,"Naucrates serratus Swainson, 1839",Naucrates,serratus,"Swainson, 1839",,
195038,Lampris guttatus,Zeus  opah Berkenhout [J.] (ex Pennant) 1789,Zeus ,opah,Berkenhout [J.] (ex Pennant) 1789,,
195038,Lampris guttatus,"Lampris lauta Lowe, 1838",Lampris,lauta,"Lowe, 1838",,
195038,Lampris guttatus,"Zeus stroemii Walbaum, 1792",Zeus,stroemii,"Walbaum, 1792",,
195038,Lampris guttatus,"Zeus guttatus Brünnich, 1788",Zeus,guttatus,"Brünnich, 1788",,
195038,Lampris guttatus,"Scomber gunneri Bloch & Schneider, 1801",Scomber,gunneri,"Bloch & Schneider, 1801",,
195038,Lampris guttatus,"Zeus luna Gmelin, 1789",Zeus,luna,"Gmelin, 1789",,
195038,Lampris guttatus,"Zeus regius Bonnaterre, 1788",Zeus,regius,"Bonnaterre, 1788",,
195038,Lampris guttatus,"Scomber pelagicus Gunnerus, 1768",Scomber,pelagicus,"Gunnerus, 1768",,
195038,Lampris guttatus,"Zeus imperialis Shaw, 1793",Zeus,imperialis,"Shaw, 1793",,
65134524,Aulorhynchus flavidus,"Auliscops spinescens Peters, 1866",Auliscops,spinescens,"Peters, 1866",,
22711716,Poecile atricapillus,Poecile atricapillus atricapilla AOU checklist (1998 + supplements),Poecile atricapillus,atricapilla,AOU checklist (1998 + supplements),,
22711716,Poecile atricapillus,"Parus atricapillus Linnaeus, 1766",Parus,atricapillus,"Linnaeus, 1766",,
22711724,Poecile gambeli,Poecile gambeli gambeli AOU checklist (1998 + supplements),Poecile gambeli,gambeli,AOU checklist (1998 + supplements),,
22711724,Poecile gambeli,"Parus gambeli Ridgway, 1886",Parus,gambeli,"Ridgway, 1886",,
103798425,Setophaga coronata,"Dendroica coronata (Linneaus, 1766)",Dendroica,coronata,"(Linneaus, 1766)",,
22721657,Setophaga petechia,"Dendroica petechia (Linnaeus, 1766)",Dendroica,petechia,"(Linnaeus, 1766)",,
164229,Spirodela polyrhiza,Spirodela polyrrhiza (L.) Schleid. [orth. error],Spirodela,polyrrhiza,(L.) Schleid. [orth. error],,
164229,Spirodela polyrhiza,Lemna polyrhiza L.,Lemna,polyrhiza,L.,,
164229,Spirodela polyrhiza,Lemna thermalis P.Beauv.,Lemna,thermalis,P.Beauv.,,
164229,Spirodela polyrhiza,Lemna obcordata P.Beauv.,Lemna,obcordata,P.Beauv.,,
164229,Spirodela polyrhiza,Lemna major Griff.,Lemna,major,Griff.,,
164229,Spirodela polyrhiza,Lemna bannatica Waldst. & Kit. ex Schleid.,Lemna,bannatica,Waldst. & Kit. ex Schleid.,,
164229,Spirodela polyrhiza,Lenticulata polyrhiza (L.) Lam.,Lenticulata,polyrhiza,(L.) Lam.,,
164229,Spirodela polyrhiza,Lemna transsilvanica Schur,Lemna,transsilvanica,Schur,,
164229,Spirodela polyrhiza,Thelmatophace orbicularis Schur,Thelmatophace,orbicularis,Schur,,
164229,Spirodela polyrhiza,Lemna orbiculata Roxb.,Lemna,orbiculata,Roxb.,,
164229,Spirodela polyrhiza,Spirodela atropurpurea Montandon,Spirodela,atropurpurea,Montandon,,
164229,Spirodela polyrhiza,Spirodela maxima (Blatt. & Hallb.) McCann,Spirodela,maxima,(Blatt. & Hallb.) McCann,,
164229,Spirodela polyrhiza,Lemna orbicularis Kit. ex Schult.,Lemna,orbicularis,Kit. ex Schult.,,
164229,Spirodela polyrhiza,Lemna maxima Blatt. & Hallb.,Lemna,maxima,Blatt. & Hallb.,,
164229,Spirodela polyrhiza,Thelmatophace polyrhiza (L.) Godr.,Thelmatophace,polyrhiza,(L.) Godr.,,
163982,Potamogeton pusillus,"Potamogeton gracilis Fr., nom. illeg.",Potamogeton,gracilis,"Fr., nom. illeg.",,
163982,Potamogeton pusillus,Potamogeton skvortsovii Klinkova,Potamogeton,skvortsovii,Klinkova,,
163982,Potamogeton pusillus,Potamogeton subjavanicus Hagstr.,Potamogeton,subjavanicus,Hagstr.,,
163982,Potamogeton pusillus,Potamogeton panomitanus Biv.,Potamogeton,panomitanus,Biv.,,
163982,Potamogeton pusillus,Potamogeton pusillus subsp. africanus A.Benn.,Potamogeton,pusillus,,subspecies (plantae),A.Benn.
168962,Stuckenia pectinata,Potamogeton pectinatus L.,Potamogeton,pectinatus,L.,,
168962,Stuckenia pectinata,Coleogeton pectinatus (L.) Les & Haynes,Coleogeton,pectinatus,(L.) Les & Haynes,,
168962,Stuckenia pectinata,Potamogeton livingstonei A.Benn.,Potamogeton,livingstonei,A.Benn.,,
164153,Trapa natans,Trapa conocarpa (F.Aresch.) Flerow,Trapa,conocarpa,(F.Aresch.) Flerow,,
164153,Trapa natans,Trapa europaea Flerow,Trapa,europaea,Flerow,,
164153,Trapa natans,Trapa maeotica Woronow,Trapa,maeotica,Woronow,,
164153,Trapa natans,Trapa astrachanica (Flerow) N.A.Winter,Trapa,astrachanica,(Flerow) N.A.Winter,,
164153,Trapa natans,Trapa rossica V.N.Vassil.,Trapa,rossica,V.N.Vassil.,,
164153,Trapa natans,Trapa septentrionalis V.N.Vassil.,Trapa,septentrionalis,V.N.Vassil.,,
164153,Trapa natans,Trapa colchica Albov,Trapa,colchica,Albov,,
164153,Trapa natans,Trapa cruciata (Glück) V.N.Vassil.,Trapa,cruciata,(Glück) V.N.Vassil.,,
164153,Trapa natans,Trapa spryginii V.N.Vassil.,Trapa,spryginii,V.N.Vassil.,,
164153,Trapa natans,Trapa carinthiaca (Beck) V.N.Vassil.,Trapa,carinthiaca,(Beck) V.N.Vassil.,,
164153,Trapa natans,Trapa muzzanensis (Jäggi) Szafer,Trapa,muzzanensis,(Jäggi) Szafer,,
164153,Trapa natans,Trapa hungarica Opiz,Trapa,hungarica,Opiz,,
164208,Typha domingensis,Typha angustifolia L. ssp. domingensis (Pers.) Rohrb.,Typha,angustifolia,L.,subspecies,(Pers.) Rohrb.
164208,Typha domingensis,Typha australis Schum. & Thonn.,Typha,australis,Schum. & Thonn.,,
164208,Typha domingensis,Typha javanica Schnizl. ex Rohrb.,Typha,javanica,Schnizl. ex Rohrb.,,
164208,Typha domingensis,Typha  abyssinica  Rchb.f. ex Rohrb.,Typha ,abyssinica ,Rchb.f. ex Rohrb.,,
164208,Typha domingensis,Typha  aequalis  Schnizl.,Typha ,aequalis ,Schnizl.,,
164208,Typha domingensis,Typha  aethiopica  Kronf.,Typha ,aethiopica, Kronf.,,
164208,Typha domingensis,Typha  americana  Rich. ex Rohrb.,Typha ,americana ,Rich. ex Rohrb.,,
164208,Typha domingensis,Typha  angustata  Bory & Chaub.,Typha ,angustata ,Bory & Chaub.,,
164208,Typha domingensis,Typha angustata Bory & Chaub. var. abyssinica  (Rchb.f. ex Rohrb.) Graebn.,Typha,angustata,Bory & Chaub.,variety,(Rchb.f. ex Rohrb.) Graebn.
164208,Typha domingensis,Typha angustata Bory & Chaub. ssp. aethiopica (Rohrb.) Kronf.,Typha,angustata,Bory & Chaub.,subspecies,(Rohrb.) Kronf.
164208,Typha domingensis,Typha angustata var. aethiopica Rohrb.,Typha,angustata,,variety,Rohrb.
164208,Typha domingensis,Typha angustata Bory & Chaub. var. gracilis Nyman,Typha,angustata,Bory & Chaub.,variety,Nyman
164208,Typha domingensis,Typha angustata Bory & Chaub. var. leptocarpa Rohrb.,Typha,angustata,Bory & Chaub.,variety,Rohrb.
164208,Typha domingensis,Typha angustifolia L. ssp. angustata  (Bory & Chaub.) Briq.,Typha,angustifolia,L.,subspecies, (Bory & Chaub.) Briq.
164208,Typha domingensis,Typha angustifolia L. var. australis (Schumach.) Rohrb.,Typha,angustifolia,L.,variety,(Schumach.) Rohrb.
164208,Typha domingensis,Typha angustifolia L. ssp. australis (Schumach.) Kronf.,Typha,angustifolia,L.,subspecies,(Schumach.) Kronf.
164208,Typha domingensis,Typha angustifolia L. var. brownii (Kunth) Kronf.,Typha,angustifolia,L.,variety,(Kunth) Kronf.
164208,Typha domingensis,Typha angustifolia L. var. domingensis (Pers.) Griseb.,Typha,angustifolia,L.,variety,(Pers.) Griseb.
164208,Typha domingensis,Typha angustifolia L. ssp. domingensis (Pers.) Rohrb.,Typha,angustifolia,L.,subspecies,(Pers.) Rohrb.
164208,Typha domingensis,Typha angustifolia L. var. domingensis (Pers.) Hemsl.,Typha,angustifolia,L.,variety,(Pers.) Hemsl.
164208,Typha domingensis,Typha angustifolia L. ssp. javanica (Schnizl. ex Rohrb.) Graebn.,Typha,angustifolia,L.,subspecies,(Schnizl. ex Rohrb.) Graebn.
164208,Typha domingensis,Typha angustifolia L. var. virginica Tidestr.,Typha,angustifolia,L.,variety,Tidestr.
164208,Typha domingensis,Typha  australis  Schumach.,Typha ,australis ,Schumach.,,
164208,Typha domingensis,Typha  basedowii  Graebn.,Typha ,basedowii ,Graebn.,,
164208,Typha domingensis,Typha  bracteata  Greene,Typha ,bracteata ,Greene,,
164208,Typha domingensis,Typha  brownii  Kunth,Typha ,brownii ,Kunth,,
164208,Typha domingensis,Typha  damiattica  Ehrenb. ex Rohrb,Typha ,damiattica ,Ehrenb. ex Rohrb,,
164208,Typha domingensis,Typha domingensis Pers. var. australis (Schumach.) Gèze,Typha,domingensis,Pers.,variety,(Schumach.) Gèze
164208,Typha domingensis,Typha domingensis Pers. var. javanica (Schnizl. ex Rohrb.) Gèze,Typha,domingensis,Pers.,variety,(Schnizl. ex Rohrb.) Gèze
164208,Typha domingensis,Typha domingensis Pers. var. sachetiae Fosberg,Typha,domingensis,Pers.,variety,Fosberg
164208,Typha domingensis,Typha  ehrenbergii   Schur ex Rohrb.,Typha ,ehrenbergii , Schur ex Rohrb.,,
164208,Typha domingensis,Typha  essequeboensis  G.Mey. ex Rohrb.,Typha ,essequeboensis ,G.Mey. ex Rohrb.,,
164208,Typha domingensis,Typha  gigantea  Schur ex Kunth,Typha, gigantea ,Schur ex Kunth,,
164208,Typha domingensis,Typha  javanica  Schnizl. ex Rohrb.,Typha, javanica ,Schnizl. ex Rohrb.,,
164208,Typha domingensis,Typha  macranthelia  Webb & Berthel.,Typha ,macranthelia ,Webb & Berthel.,,
164208,Typha domingensis,Typha  maxima  Schur ex Rohrb.,Typha ,maxima ,Schur ex Rohrb.,,
164208,Typha domingensis,Typha  media  Bory & Chaub.,Typha ,media ,Bory & Chaub.,,
164208,Typha domingensis,Typha  pontica  Klok. fil. & A. Krasnova,Typha, pontica ,Klok. fil. & A. Krasnova,,
164208,Typha domingensis,Typha  salgirica  Krasnova,Typha ,salgirica ,Krasnova,,
164208,Typha domingensis,Typha  tenuifolia  Kunth,Typha ,tenuifolia ,Kunth,,
164208,Typha domingensis,Typha  truxillensis  Kunth,Typha ,truxillensis ,Kunth,,
164208,Typha domingensis,Typha  gracilis  Schur,Typha ,gracilis ,Schur ,,
151913,Opuntia fragilis,Cactus fragilis Haw.,Cactus,fragilis,Haw.,,
123323873,Scopelosaurus adleri,"Notosudis adleri Fedorov, 1967",Notosudis,adleri,"Fedorov, 1967",,
125433585,Montagnea radiosa,Agaricus radiosus Pall.,Agaricus,radiosus,Pall.,,
22689055,Bubo scandiacus,Bubo scandiaca,Bubo,scandiaca,,,
129299900,Ceratoscopelus townsendi,"Myctophum townsendi Eigenmann & Eigenmann, 1889",Myctophum,townsendi,"Eigenmann & Eigenmann, 1889",,
129300151,Lampadena yaquinae,"Dorsadena yaquinae Coleman & Nafpaktitis, 1972",Dorsadena,yaquinae,"Coleman & Nafpaktitis, 1972",,
129394341,Lampanyctus regalis,"Myctophum regale Gilbert, 1892",Myctophum,regale,"Gilbert, 1892",,
129511181,Stenobrachius nannochir,"Myctophum nannochir Gilbert, 1890",Myctophum,nannochir,"Gilbert, 1890",,
129511170,Stenobrachius leucopsarus,"Myctophum leucopsarum Eigenmann & Eigenmann, 1890",Myctophum,leucopsarum,"Eigenmann & Eigenmann, 1890",,
130350511,Protomyctophum crockeri,"Electrona crockeri Bolin, 1939",Electrona,crockeri,"Bolin, 1939",,
130351028,Protomyctophum thompsoni,"Electrona thompsoni Chapman, 1944",Electrona,thompsoni,"Chapman, 1944",,
130352266,Symbolophorus californiensis,"Myctophum californiense Eigenmann & Eigenmann, 1889",Myctophum,californiense,"Eigenmann & Eigenmann, 1889",,
130353171,Tarletonbeania crenularis,"Myctophum crenulare Jordan & Gilbert, 1880",Myctophum,crenulare,"Jordan & Gilbert, 1880",,
22720702,Hesperiphona vespertina,Hesperiphona vespertina,Hesperiphona vespertina,,AERC TAC (2003),,
22720702,Hesperiphona vespertina,"Hesperiphona vespertina vespertina Sibley and Monroe (1990, 1993)",Hesperiphona vespertina,vespertina,"Sibley and Monroe (1990, 1993)",,
22720702,Hesperiphona vespertina,Hesperiphona vespertina vespertina Cramp and Simmons (1977-1994),Hesperiphona vespertina,vespertina,Cramp and Simmons (1977-1994),,
22720702,Hesperiphona vespertina,"Coccothraustes vespertinus (Cooper, 1825)",Coccothraustes,vespertinus,"(Cooper, 1825)",,
22686440,Cypseloides niger,Nephoecetes niger niger Stotz et al. (1996),Nephoecetes niger,niger,Stotz et al. (1996),,
22679603,Callipepla californica,Lophortyx californica californica Stotz et al. (1996),Lophortyx californica,californica,Stotz et al. (1996),,
22679896,Anser caerulescens,Anser caerulescens caerulescens Stotz et al. (1996),Anser caerulescens,caerulescens,Stotz et al. (1996),,
22679896,Anser caerulescens,"Anser caerulescens caerulescens Sibley and Monroe (1990, 1993)",Anser caerulescens,caerulescens,"Sibley and Monroe (1990, 1993)",,
22679896,Anser caerulescens,Anser caerulescens caerulescens Cramp and Simmons (1977-1994),Anser caerulescens,caerulescens,Cramp and Simmons (1977-1994),,
22679896,Anser caerulescens,"Chen caerulescens (Linnaeus, 1758)",Chen,caerulescens,"(Linnaeus, 1758)",,
22720563,Haemorhous mexicanus,"Carpodacus mexicanus (Müller, 1776)",Carpodacus,mexicanus,"(Müller, 1776)",,
22721830,Geothlypis tolmiei,Geothlypis tolmiei tolmiei Stotz et al. (1996),Geothlypis tolmiei,tolmiei,Stotz et al. (1996),,
22721830,Geothlypis tolmiei,"Oporornis tolmiei (Townsend, 1839)",Oporornis,tolmiei,"(Townsend, 1839)",,
102998555,Alauda arvensis,"Alauda japonica Temminck & Schlegel, 1848",Alauda,japonica,"Temminck & Schlegel, 1848",,
22679473,Lagopus leucura,Lagopus leucurus,Lagopus leucurus,,BirdLife International (2004),,
22679473,Lagopus leucura,Lagopus leucurus,Lagopus leucurus,,"Sibley and Monroe (1990, 1993)",,
22721070,Melospiza georgiana,Zonotrichia georgiana georgiana Stotz et al. (1996),Zonotrichia georgiana,georgiana,Stotz et al. (1996),,
22721070,Melospiza georgiana,Zonotrichia georgiana georgiana Cramp and Simmons (1977-1994),Zonotrichia georgiana,georgiana,Cramp and Simmons (1977-1994),,
22721159,Passerella arborea,"Spizella arborea (Wilson, 1810)",Spizella,arborea,"(Wilson, 1810)",,
132438298,Hydrobates leucorhous,"Hydrobates leucorhoa ssp. leucorhoa (Vieillot, 1818) — Christidis and Boles (2008)",Hydrobates,leucorhoa,,subspecies,"(Vieillot, 1818) — Christidis and Boles (2008)"
132438298,Hydrobates leucorhous,"Oceanodroma leucorhoa (Vieillot, 1818)",Oceanodroma,leucorhoa,"(Vieillot, 1818)",,
22694479,Xema sabini,Larus sabini AERC TAC (2003),Larus,sabini,AERC TAC (2003),,
22694479,Xema sabini,Larus sabini ssp. sabini Christidis and Boles (1994),Larus,sabini,,subspecies,Christidis and Boles (1994)
22694479,Xema sabini,Larus sabini ssp. sabini Cramp and Simmons (1977-1994),Larus,sabini,,subspecies,Cramp and Simmons (1977-1994)
22694479,Xema sabini,Larus sabini ssp. sabini Dowsett and Forbes-Watson (1993),Larus,sabini,,subspecies,Dowsett and Forbes-Watson (1993)
22698182,Ardenna bulleri,"Ardenna bulleri ssp. bulleri (Salvin, 1888) — Christidis and Boles (2008)",Ardenna,bulleri,,subspecies,"(Salvin, 1888) — Christidis and Boles (2008)"
22698182,Ardenna bulleri,"Puffinus bulleri Salvin, 1888",Puffinus,bulleri,"Salvin, 1888",,
22698195,Ardenna creatopus,"Ardenna creatopus ssp. creatopus (Coues, 1864) — Christidis and Boles (2008)",Ardenna,creatopus,,subspecies,"(Coues, 1864) — Christidis and Boles (2008)"
22698195,Ardenna creatopus,"Puffinus creatopus Coues, 1864",Puffinus,creatopus,"Coues, 1864",,
22698216,Ardenna tenuirostris,Ardenna tenuirostris ssp. tenuirostris — Christidis and Boles (2008),Ardenna,tenuirostris,,subspecies,— Christidis and Boles (2008)
22698216,Ardenna tenuirostris,"Puffinus tenuirostris (Temminck, 1835)",Puffinus,tenuirostris,"(Temminck, 1835)",,
22698335,Phoebastria albatrus,"Diomedea albatrus ssp. albatrus Pallas, 1769 — Sibley and Monroe (1990, 1993)",Diomedea,albatrus,,subspecies,"Pallas, 1769 — Sibley and Monroe (1990, 1993)"
22698335,Phoebastria albatrus,"Diomedea albatrus ssp. albatrus Pallas, 1769 — Stotz <i>et al<i/>. (1996)",Diomedea,albatrus,,subspecies,"Pallas, 1769 — Stotz <i>et al<i/>. (1996)"
22698335,Phoebastria albatrus,"Diomedea albatrus ssp. albatrus Pallas, 1769 — Collar <i>et al<i/>. (1994)",Diomedea,albatrus,,subspecies,"Pallas, 1769 — Collar <i>et al<i/>. (1994)"
22698335,Phoebastria albatrus,"Diomedea albatrus ssp. albatrus Pallas, 1769 — Collar and Andrew (1988)",Diomedea,albatrus,,subspecies,"Pallas, 1769 — Collar and Andrew (1988)"
22698572,Hydrobates furcatus,"Oceanodroma furcata (Gmelin, 1789)",Oceanodroma,furcata,"(Gmelin, 1789)",,
22696776,Nannopterum auritus,"Phalacrocorax auritus (Lesson, 1831)",Phalacrocorax,auritus,"(Lesson, 1831)",,
22696753,Urile penicillatus,"Phalacrocorax penicillatus (Brandt, 1837)",Phalacrocorax,penicillatus,"(Brandt, 1837)",,
22696753,Urile penicillatus,"Compsohaelius penicillatus Brandt, 1837",Compsohaelius,penicillatus,"Brandt, 1837",,
138330030,Suillus lakei,Boletus lakei Murrill,Boletus,lakei,Murrill,,
140349619,Oneirodes thompsoni,"Dolopichthys thompsoni Schultz, 1934",Dolopichthys,thompsoni,"Schultz, 1934",,
18596,Pseudorca crassidens,"Phocaena crassidens Owen, 1846",Phocaena,crassidens,"Owen, 1846",,
147129245,Arrhenia discorosea,Omphalia discorosea Pilát,Omphalia,discorosea,Pilát,,
147135428,Baeospora myriadophylla,Agaricus myriadophyllus Peck 1873,Agaricus,myriadophyllus,Peck 1873,,
147158431,Catathelasma imperiale,Armillaria imperialis P. Karst.,Armillaria,imperialis,P. Karst.,,
147440561,Pseudoplectania melaena,Pseudoplectania vogesiaca Seaver,Pseudoplectania,vogesiaca,Seaver,,
22680247,Spatula clypeata,"Anas clypeata Linnaeus, 1758",Anas,clypeata,"Linnaeus, 1758",,
22720560,Haemorhous cassinii,"Carpodacus cassinii Baird, 1854",Carpodacus,cassinii,"Baird, 1854",,
22698209,Ardenna grisea,Ardenna grisea ssp. grisea — Christidis and Boles (2008),Ardenna,grisea,,subspecies,— Christidis and Boles (2008)
22698209,Ardenna grisea,"Puffinus griseus (Gmelin, 1789)",Puffinus,griseus,"(Gmelin, 1789)",,
22725044,Acanthis flammea,"Carduelis flammea (Linnaeus, 1758)",Carduelis,flammea,"(Linnaeus, 1758)",,
22698350,Phoebastria nigripes,Diomedea nigripes ssp. nigripes — Turbott (1990),Diomedea,nigripes,,subspecies,— Turbott (1990)
22698350,Phoebastria nigripes,Diomedea nigripes ssp. nigripes — Cramp and Simmons (1977-1994),Diomedea,nigripes,,subspecies,— Cramp and Simmons (1977-1994)
22698350,Phoebastria nigripes,"Diomedea nigripes ssp. nigripes — Sibley and Monroe (1990, 1993)",Diomedea,nigripes,,subspecies,"— Sibley and Monroe (1990, 1993)"
22698350,Phoebastria nigripes,Diomedea nigripes ssp. nigripes — Stotz <i>et al</i>. (1996),Diomedea,nigripes,,subspecies,— Stotz <i>et al</i>. (1996)
22698188,Ardenna carneipes,Ardenna carneipes ssp. carneipes — Christidis and Boles (2008),Ardenna,carneipes,,subspecies,— Christidis and Boles (2008)
22698188,Ardenna carneipes,"Puffinus carneipes Gould, 1844",Puffinus,carneipes,"Gould, 1844",,
22697109,Bubulcus ibis,Ardea ibis ibis Christidis and Boles (2008),Ardea ibis,ibis,Christidis and Boles (2008),,
22697109,Bubulcus ibis,Ardeola ibis ibis Stotz et al. (1996),Ardeola ibis,ibis,Stotz et al. (1996),,
22697109,Bubulcus ibis,Ardea ibis ibis Christidis and Boles (1994),Ardea ibis,ibis,Christidis and Boles (1994),,
22693427,Calidris alpina,"Tringa alpina Linnaeus, 1758",Tringa,alpina,"Linnaeus, 1758",,
45354964,Falco peregrinus,"Falco pelegrinoides Temminck, 1829",Falco,pelegrinoides,"Temminck, 1829",,
22694524,Hydroprogne caspia,Hydroprogne caspia — Stotz <i>et al</i>. (1996),Hydroprogne,caspia,— Stotz <i>et al</i>. (1996),,
22694524,Hydroprogne caspia,Hydroprogne caspia — AOU checklist (1998 + supplements),Hydroprogne,caspia,— AOU checklist (1998 + supplements),,
22694524,Hydroprogne caspia,Hydroprogne caspia — Christidis and Boles (2008),Hydroprogne,caspia,— Christidis and Boles (2008),,
22694524,Hydroprogne caspia,"Sterna caspia Pallas, 1770",Sterna,caspia,"Pallas, 1770",,
22729877,Larus glaucoides,"Larus thayeri Brooks, 1915",Larus,thayeri,"Brooks, 1915",,
22728950,Urile pelagicus,"Phalacrocorax pelagicus Pallas, 1811",Phalacrocorax,pelagicus,"Pallas, 1811",,
2477,Balaenoptera musculus,"Balaena musculus Linnaeus, 1758",Balaena,musculus,"Linnaeus, 1758",,
41755,Physeter macrocephalus,"Physeter catodon Linnaeus, 1758",Physeter,catodon,"Linnaeus, 1758",,
167896,Potamogeton alpinus,Potamogeton tenuifolius Raf.,Potamogeton,tenuifolius,Raf.,,
167857,Equisetum arvense,Equisetum boreale Bong.,Equisetum,boreale,Bong.,,
167857,Equisetum arvense,Equisetum arvense L. subsp. boreale (Bong.) Á.Löve,Equisetum,arvense,L.,subspecies (plantae),(Bong.) Á.Löve
